,HTVar,FTVar,HTmean,FTmean,FTbin1,FTbin2,FTbin3,FTbin4,FTbin5,FTbin6,FTbin7,FTbin8,FTbin9,FTbin10,HTbin1,HTbin2,HTbin3,HTbin4,HTbin5,HTbin6
0,0.07125045486169586,0.004624052048786856,0.38720002556840444,0.15715396181596597,0.01270772238514174,0.07624633431085044,0.1436950146627566,0.1906158357771261,0.23655913978494625,0.2228739002932552,0.11241446725317693,0.004887585532746823,0.0,0.0,0.2346041055718475,0.7409579667644184,0.024437927663734114,0.0,0.0,0.0
1,0.03156317709606493,0.0005100901648390098,0.24959153083778746,0.023393510088358667,0.3849379347066457,0.4850743785150921,0.12201737162634364,0.007970315151918534,0.0,0.0,0.0,0.0,0.0,0.0,0.5572564810809012,0.4427435189190988,0.0,0.0,0.0,0.0
2,0.17808479998349397,0.0033967946303491794,0.6557152701023123,0.12453003376082089,0.0,0.0920245398773006,0.31901840490797545,0.2699386503067485,0.19631901840490804,0.0920245398773006,0.018404907975460124,0.012269938650306749,0.0,0.0,0.06748466257668713,0.6196319018404908,0.3006134969325153,0.012269938650306749,0.0,0.0
3,0.054008559475662514,0.003695107838935732,0.39023566150453165,0.09438583028413233,0.05114029025570145,0.2681409813407049,0.3063810181985718,0.1817553559087768,0.1050449205252246,0.06588343699608386,0.020962911771481227,0.000691085003455425,0.0,0.0,0.1483529140750979,0.8456576825616218,0.00598940336328035,0.0,0.0,0.0
4,0.01058186197140451,0.001305437755488198,0.09864931091534801,0.03634019531662888,0.2906482465462274,0.4771519659936238,0.1594048884165781,0.05100956429330498,0.019659936238044632,0.0021253985122210413,0.0,0.0,0.0,0.0,1.0,0.0,0.0,0.0,0.0,0.0
5,0.1627769796630071,0.0014865348604835764,0.33742072185644595,0.02893617334922386,0.4054931942725826,0.3673325083966767,0.1624977903482411,0.054954039243415236,0.00972246773908432,0.0,0.0,0.0,0.0,0.0,0.34141329326498143,0.6051794237228213,0.053407283012197285,0.0,0.0,0.0
6,0.11158556838476115,0.0014340366737033235,0.3967326749751448,0.031949739418649134,0.3789703210175651,0.3584009691096305,0.1988128407026045,0.05894609327680194,0.0048697758933979405,0.0,0.0,0.0,0.0,0.0,0.22161114476075106,0.7364021804966687,0.041986674742580256,0.0,0.0,0.0
7,0.0,0.0004164104023037842,0.4923893561793496,0.031544672924708125,0.16666666666666666,0.6666666666666666,0.16666666666666666,0.0,0.0,0.0,0.0,0.0,0.0,0.0,0.0,1.0,0.0,0.0,0.0,0.0
8,0.02585121007314156,0.0015357622267386875,0.2871559618303429,0.054491426318260164,0.1866024274993051,0.3446016598059589,0.32963163955473784,0.1323741578536353,0.006790115286362855,0.0,0.0,0.0,0.0,0.0,0.4394382602480444,0.5605617397519557,0.0,0.0,0.0,0.0
9,0.17331759475931358,0.006381805232650039,0.6489563624181254,0.09185511297635734,0.18907458219007234,0.2120229483661761,0.1828386131204789,0.16313295086056373,0.12521825891743574,0.08904963831379396,0.030930406585183336,0.007732601646295834,0.0,0.0,0.07408331254676978,0.6143676727363432,0.30456472935894235,0.006984285357944624,0.0,0.0
10,0.03428732001188178,0.0009102680916058385,0.34513231381450765,0.10212151887726095,0.0,0.07692307692307693,0.38461538461538464,0.38461538461538464,0.15384615384615385,0.0,0.0,0.0,0.0,0.0,0.3076923076923077,0.6923076923076923,0.0,0.0,0.0,0.0
11,0.15745434954885626,0.0,0.26629173244347665,0.016886454612699463,0.4558823529411765,0.5441176470588235,0.0,0.0,0.0,0.0,0.0,0.0,0.0,0.0,0.35294117647058826,0.6323529411764706,0.014705882352941175,0.0,0.0,0.0
12,0.07147990663990174,0.005072833322592085,0.25181664923848673,0.09504251064799532,0.12248803827751195,0.19330143540669856,0.29569377990430623,0.17799043062200956,0.09569377990430622,0.07464114832535887,0.0354066985645933,0.004784688995215311,0.0,0.0,0.523444976076555,0.4698564593301435,0.006698564593301436,0.0,0.0,0.0
13,0.23856022121577516,0.006027802711185833,0.6485656955642136,0.10971294993984956,0.1268472906403941,0.16502463054187191,0.2019704433497537,0.18842364532019704,0.13916256157635468,0.13054187192118227,0.04433497536945813,0.003694581280788177,0.0,0.0,0.1022167487684729,0.5751231527093597,0.2844827586206897,0.038177339901477834,0.0,0.0
14,0.04508120364087861,0.0014163829433703843,0.4993709722538658,0.04901192435293919,0.231729055258467,0.3155080213903743,0.3493761140819964,0.10160427807486633,0.0017825311942959,0.0,0.0,0.0,0.0,0.0,0.032085561497326213,0.9215686274509804,0.04634581105169341,0.0,0.0,0.0
15,0.008485299098765466,0.004735173235146569,0.0839479811791326,0.11395140960726571,0.016509289035456055,0.20761557526474264,0.3056471600335921,0.18147928145675016,0.1288584830298437,0.10192335265561953,0.0451240244976547,0.012842834026341123,0.0,0.0,1.0,0.0,0.0,0.0,0.0,0.0
16,0.028459255494460593,0.010168558967302479,0.155616863764657,0.14163570545894902,0.125,0.16666666666666666,0.125,0.08333333333333333,0.08333333333333333,0.22916666666666666,0.16666666666666666,0.020833333333333332,0.0,0.0,0.8333333333333334,0.16666666666666666,0.0,0.0,0.0,0.0
17,0.13029195044508754,0.00599133793121804,0.28601772001807174,0.10401866023028344,0.07272287992268664,0.2759120560521865,0.2271079971007489,0.14786180236772167,0.12007731336071514,0.0920512201014738,0.05049528871708142,0.013771442377385841,0.0,0.0,0.5810582266247886,0.38439236530562937,0.02343561246677941,0.010147378593863252,0.0009664170089393572,0.0
18,0.382629645534472,0.002558572686139852,0.43043683449796627,0.047712786914088465,0.3092097489381021,0.30338252579339164,0.22884755312599114,0.10655671436656156,0.05200345777595354,0.0,0.0,0.0,0.0,0.0,0.389335621933245,0.3893480599762433,0.19973009446693651,0.021076263860644158,0.0005099597629309005,0.0
19,0.05389954372800648,0.006694582089644672,0.27517400415599597,0.10259994854225132,0.1282051282051282,0.2307692307692308,0.21153846153846154,0.1282051282051282,0.1217948717948718,0.1153846153846154,0.05128205128205128,0.01282051282051282,0.0,0.0,0.5192307692307693,0.4807692307692308,0.0,0.0,0.0,0.0
20,0.008097244921376257,0.0016109514735756852,0.01763983312623474,0.09486129483227179,0.02711674748228273,0.1831965684446102,0.33782170831779185,0.32993286087280865,0.12193211488250652,0.0,0.0,0.0,0.0,0.0,1.0,0.0,0.0,0.0,0.0,0.0
21,0.07208933095103413,0.002436240906303964,0.443996642059633,0.059285339014076927,0.13043478260869565,0.4130434782608696,0.3043478260869565,0.08695652173913042,0.043478260869565216,0.0,0.021739130434782608,0.0,0.0,0.0,0.10869565217391304,0.8913043478260869,0.0,0.0,0.0,0.0
22,0.1528070184481663,0.004391771289605016,0.2892892942653456,0.0645171501288685,0.21052631578947367,0.3157894736842105,0.2368421052631579,0.10526315789473684,0.07894736842105263,0.05263157894736842,0.0,0.0,0.0,0.0,0.6052631578947368,0.34210526315789475,0.05263157894736842,0.0,0.0,0.0
23,0.05336881515683939,0.005424449219114601,0.2689552831203352,0.12257878222124396,0.027081922816519968,0.21530128639133372,0.2017603249830738,0.1956668923493568,0.14556533513879485,0.14691943127962084,0.06228842247799594,0.0054163845633039935,0.0,0.0,0.5030467163168585,0.4969532836831415,0.0,0.0,0.0,0.0
24,0.04221533023359921,0.004050726917682911,0.2596083365979433,0.07133417331906017,0.1513157894736842,0.3684210526315789,0.2368421052631579,0.10526315789473684,0.07894736842105263,0.03947368421052632,0.01973684210526316,0.0,0.0,0.0,0.4671052631578948,0.5328947368421053,0.0,0.0,0.0,0.0
25,0.1116478437239693,0.0026319694629878976,0.30236232348205244,0.04667606820180699,0.2924401699843435,0.3515991948110043,0.2122567658242004,0.092932229926191,0.038358309103108924,0.010400357861775893,0.0020129724893759786,0.0,0.0,0.0,0.3844777454708119,0.5996421382241109,0.015880116305077158,0.0,0.0,0.0
26,0.3319136656259798,0.004013841541777501,0.686067426639418,0.07294263345922163,0.1822475282485876,0.2668167372881356,0.2574593926553672,0.16927083333333334,0.0792284604519774,0.032750706214689264,0.01015183615819209,0.002074505649717514,0.0,0.0,0.1339159604519774,0.5108139124293786,0.3041578389830508,0.04939088983050848,0.0017213983050847455,0.0
27,0.13429074931660087,0.0015271653030001916,0.6149857500450389,0.03275318982890214,0.3509370543898961,0.3795070279079242,0.19970971684660827,0.060348339784070074,0.009497861071501324,0.0,0.0,0.0,0.0,0.0,0.06238541454471379,0.6943878590344266,0.2413933591362803,0.001833367284579344,0.0,0.0
28,0.035688421961960426,0.0053670842382471514,0.2991496509497031,0.14033710642750497,0.015138023152270703,0.12555654496883348,0.2350845948352627,0.18165627782724844,0.16918967052537845,0.1585040071237756,0.1095280498664292,0.005342831700801425,0.0,0.0,0.3508459483526269,0.6491540516473729,0.0,0.0,0.0,0.0
29,0.15077939098041332,0.005268103979319967,0.532228840866235,0.13146889834330647,0.049904030710172735,0.10748560460652593,0.2236084452975048,0.21976967370441453,0.16986564299424184,0.14683301343570054,0.07869481765834932,0.003838771593090211,0.0,0.0,0.1257197696737044,0.6890595009596929,0.1852207293666027,0.0,0.0,0.0
30,0.2947093402615135,0.0025154609980392187,0.40353163723298396,0.05688350215571708,0.2127289953495773,0.32949583053078463,0.2530032473402909,0.1516833373111444,0.053088589468202815,0.0,0.0,0.0,0.0,0.0,0.3726514641960844,0.4723238372135072,0.1409692840663354,0.0140452891868631,1.0125337209891008e-05,0.0
31,0.10144649572638621,0.001954011962342829,0.2296646760588406,0.04631315737960254,0.26172106824925817,0.3635014836795252,0.2338278931750742,0.12373887240356085,0.017210682492581602,0.0,0.0,0.0,0.0,0.0,0.6540059347181009,0.327893175074184,0.01810089020771513,0.0,0.0,0.0
32,0.21974314390683838,0.0034873883925314736,0.41547407140333065,0.04682615864052868,0.3429323234310447,0.2904534723588432,0.19892288018886484,0.09509639976391894,0.0451505016722408,0.022894943930749558,0.00435274444225851,0.00019673421207948055,0.0,0.0,0.27660830218374977,0.6147452291953571,0.10808085776116466,0.0005656108597285067,0.0,0.0
33,0.031825454652781936,0.0014660737653879002,0.21399753285545192,0.033214817436867966,0.3258392519544224,0.4780031679525829,0.13530223289561086,0.03852639108885597,0.012416330284604772,0.007613305400848194,0.002299320423074958,0.0,0.0,0.0,0.6666496346635328,0.3330948852894589,0.00025548004700832864,0.0,0.0,0.0
34,0.022646928405215202,0.0005574126231350203,0.6373831014377809,0.052010830815962555,0.0,0.5,0.5,0.0,0.0,0.0,0.0,0.0,0.0,0.0,0.0,1.0,0.0,0.0,0.0,0.0
35,0.09780915451978993,0.0018829725601325084,0.3607231624109786,0.036020994105839074,0.3900990099009901,0.3108910891089109,0.1871287128712872,0.10198019801980196,0.0099009900990099,0.0,0.0,0.0,0.0,0.0,0.2257425742574257,0.7495049504950495,0.023762376237623763,0.0009900990099009901,0.0,0.0
36,0.1727396049732718,0.004925705182103885,0.3998632997260894,0.09914242553600894,0.1132306187331866,0.18729110621993966,0.2341648324773783,0.23730333414852856,0.1164913996902258,0.07748430749164427,0.030039944566723733,0.0039944566723730335,0.0,0.0,0.3371647509578544,0.5690062770033423,0.09285073775169153,0.0009782342871117633,0.0,0.0
37,0.09396265417009686,0.0030692022195199765,0.3636187821708809,0.05815340435321763,0.2083974605617545,0.3717054636398615,0.21486629472874186,0.11824259330511735,0.057762601000384765,0.02717391304347826,0.001851673720661793,0.0,0.0,0.0,0.27573105040400153,0.697600038476337,0.02666891111966141,0.0,0.0,0.0
38,0.06008447722315905,0.00631018581363201,0.26480319265876234,0.07081890988004086,0.26319327731092435,0.2897478991596639,0.15294117647058825,0.10789915966386554,0.08403361344537816,0.06352941176470588,0.03361344537815126,0.005042016806722689,0.0,0.0,0.5166386554621849,0.4820168067226891,0.0013445378151260507,0.0,0.0,0.0
39,0.07124703517725967,0.0017886939231667959,0.34581368227789816,0.029756993000750964,0.4221773029165464,0.35056309558186544,0.15391279237655212,0.0516892867455963,0.016170950043315046,0.005486572336124747,0.0,0.0,0.0,0.0,0.2740398498411782,0.7222061796130522,0.0037539705457695642,0.0,0.0,0.0
40,0.011533447676448459,0.0016157967030655275,0.1161580485686432,0.08605113758958594,0.0460858192688547,0.24556268294201905,0.3192999937721866,0.320171887650246,0.06887961636669365,0.0,0.0,0.0,0.0,0.0,0.9616366693653858,0.03830105250046709,6.227813414710095e-05,0.0,0.0,0.0
41,0.14974434320928348,0.00623383772101761,0.5591593037216234,0.1290662481767443,0.10734072022160664,0.08725761772853187,0.1814404432132964,0.18767313019390586,0.1897506925207756,0.17174515235457066,0.07202216066481995,0.002770083102493075,0.0,0.0,0.11565096952908588,0.7008310249307479,0.17520775623268695,0.008310249307479225,0.0,0.0
42,0.11761880922022458,0.0030295378488398553,0.46972392834933213,0.058773326349921745,0.2114308553157474,0.34652278177458035,0.24873434585664805,0.11364241939781508,0.053557154276578735,0.020250466293631763,0.005195843325339729,0.0006661337596589398,0.0,0.0,0.1510791366906475,0.7565947242206235,0.09232613908872901,0.0,0.0,0.0
43,0.01132742408649933,0.0013491620141242952,0.14065184212323723,0.06080864483292091,0.095177732002324,0.4311387524428247,0.299318649976232,0.1564464163101463,0.017918449268473042,0.0,0.0,0.0,0.0,0.0,0.9362620820789098,0.06373791792109015,0.0,0.0,0.0,0.0
44,0.13557756894480014,0.0013270096234174647,0.789921567479831,0.042741624093927955,0.24008724779933005,0.42665731868816703,0.2661057879566877,0.04907688712315962,0.018072758432655604,0.0,0.0,0.0,0.0,0.0,0.01939705538677261,0.4897951234712161,0.4695801199657241,0.02122770117628729,0.0,0.0
45,0.030318424933095958,0.001017781549751223,0.12513238826540557,0.017138359979969306,0.517056856187291,0.3933110367892977,0.05953177257525084,0.016053511705685617,0.007357859531772575,0.004682274247491639,0.002006688963210702,0.0,0.0,0.0,0.8675585284280937,0.13244147157190636,0.0,0.0,0.0,0.0
46,0.03894842230271743,0.004125064852450587,0.19717238696330824,0.05824060068896546,0.2707937847148984,0.3266188567812698,0.1839274414680447,0.11098221191028616,0.0617661534134852,0.032306826970400056,0.011917317021725377,0.0016874077198903185,0.0,0.0,0.6671588272516347,0.3328411727483653,0.0,0.0,0.0,0.0
47,0.2569737810204006,0.005393208365943904,0.27479362399614254,0.06250800188919942,0.206896551724138,0.4137931034482759,0.1724137931034483,0.10344827586206896,0.03448275862068965,0.03448275862068965,0.0,0.03448275862068965,0.0,0.0,0.5517241379310345,0.3448275862068966,0.10344827586206896,0.0,0.0,0.0
48,0.22557533414512387,0.00501177038067707,0.4469563031207064,0.07850486007444119,0.1832201211676152,0.27079126124472186,0.2221406278685515,0.15090875711400772,0.09014136221773453,0.05911510923444097,0.021479713603818614,0.0022030475491096016,0.0,0.0,0.27795116577932805,0.5816045529649349,0.13071415458050306,0.009730126675234074,0.0,0.0
49,0.041385818237689054,0.0013552604199190007,0.3450447613230087,0.03985650259610099,0.2774751682153156,0.4103172060237104,0.22460749759692408,0.08574174943928227,0.0018583787247677024,0.0,0.0,0.0,0.0,0.0,0.25639218199295105,0.7436078180070491,0.0,0.0,0.0,0.0
50,0.0077187293393726755,0.008089132665959347,0.07942697038737229,0.1486258209358809,0.0847457627118644,0.15254237288135594,0.05084745762711865,0.1694915254237288,0.2033898305084746,0.15254237288135594,0.13559322033898305,0.05084745762711865,0.0,0.0,1.0,0.0,0.0,0.0,0.0,0.0
51,0.1332914582158756,0.0025093383093363025,0.43081103415700966,0.044972875651164854,0.29505262211028155,0.3589817396779707,0.20910317531708195,0.09361338490599982,0.03008005756948817,0.012908158675901771,0.00026086174327606367,0.0,0.0,0.0,0.17652244310515428,0.7654942880273455,0.05783934514707205,0.00014392372042817307,0.0,0.0
52,0.045056589687917696,0.005686876298021301,0.27934902664163924,0.11901217763787753,0.065835605765485,0.1612777561355668,0.2528243085313596,0.18153486560186988,0.1371250486949747,0.12621737436696534,0.07089988313206078,0.004285157771717959,0.0,0.0,0.4834437086092716,0.5153876119984417,0.001168679392286716,0.0,0.0,0.0
53,0.08122731067851785,0.0041244238178370606,0.25916446651178743,0.09227079439612701,0.06278026905829596,0.2679372197309417,0.3217488789237668,0.17040358744394618,0.08520179372197309,0.06053811659192825,0.028026905829596414,0.0033632286995515697,0.0,0.0,0.5426008968609866,0.452914798206278,0.004484304932735426,0.0,0.0,0.0
54,0.16457695364297462,0.005049683810087006,0.647823137526583,0.14055201185433774,0.07241014799154334,0.06395348837209303,0.13266384778012685,0.2426004228329809,0.2283298097251585,0.20930232558139536,0.04809725158562368,0.0026427061310782237,0.0,0.0,0.0919661733615222,0.5893234672304439,0.3134249471458774,0.0052854122621564465,0.0,0.0
55,0.08262640660086343,0.0013095020404809547,0.42988470365045867,0.023276959703309508,0.4623272064408325,0.35773963238645,0.13185477745708646,0.03774874677198845,0.010101777305180007,0.00022785963846270698,0.0,0.0,0.0,0.0,0.1111195503569801,0.8595625094941516,0.029317940148868293,0.0,0.0,0.0
56,0.07902290870558658,0.004307208393331246,0.4376756203663779,0.0643890486275174,0.2489391796322489,0.28524280999528523,0.21766462360521768,0.12006914977212005,0.07606474933207606,0.04274713185604274,0.0077007700770077014,0.0015715857300015715,0.0,0.0,0.17208863743517208,0.7927078422127927,0.0352035203520352,0.0,0.0,0.0
57,0.11840046810547879,0.001307553568354018,0.22335999316365235,0.028088605112467795,0.4207838656156592,0.3483108348020323,0.1804143345018367,0.04624949160420661,0.004241473476265179,0.0,0.0,0.0,0.0,0.0,0.6145746583257478,0.3656188871458176,0.019806454528434655,0.0,0.0,0.0
58,0.07586700318725267,0.001181435305860307,0.3736376233168684,0.12453848979200163,0.0,0.0,0.25,0.5,0.25,0.0,0.0,0.0,0.0,0.0,0.25,0.75,0.0,0.0,0.0,0.0
59,0.030844593715092086,0.007192398012021234,0.1906681176104919,0.12486783207910027,0.10272588055130168,0.14468606431852987,0.18756508422664625,0.17960183767228174,0.14511485451761102,0.1285145482388974,0.09396630934150076,0.01782542113323124,0.0,0.0,0.7150995405819296,0.2849004594180705,0.0,0.0,0.0,0.0
60,0.0301747831015587,0.0012203084846040472,0.42057337839652137,0.052708265021104886,0.15159010600706713,0.4254416961130742,0.2880742049469965,0.13277385159010602,0.0021201413427561835,0.0,0.0,0.0,0.0,0.0,0.03816254416961131,0.9500883392226148,0.01174911660777385,0.0,0.0,0.0
61,0.14938218922204255,0.006469920619136396,0.4994932544845158,0.11454994156403622,0.13333333333333333,0.06666666666666668,0.26666666666666666,0.13333333333333333,0.3333333333333333,0.0,0.0,0.06666666666666668,0.0,0.0,0.13333333333333333,0.8,0.06666666666666668,0.0,0.0,0.0
62,0.0763676160366246,0.005063753570420402,0.3741732515704583,0.0977189084576923,0.08602846054333764,0.25679172056921085,0.2351228978007762,0.18289133247089265,0.12160413971539455,0.08117723156532987,0.03412031047865459,0.002263906856403622,0.0,0.0,0.27441785252263906,0.718143596377749,0.007438551099611902,0.0,0.0,0.0
63,0.05643407033369983,0.004321113846907642,0.49712434392038124,0.1268171161448965,0.015939990623534926,0.13783403656821375,0.26207219878105953,0.2320675105485232,0.16502578527894984,0.1228316924519456,0.06235349273323958,0.0018752930145335208,0.0,0.0,0.059540553211439286,0.8926394749179559,0.04781997187060478,0.0,0.0,0.0
64,0.11890815544926663,0.006035998393387652,0.4122242964942759,0.10596940704260724,0.10445676175025913,0.20717858591320806,0.2244153035014195,0.1695957820738137,0.13041323058897752,0.10344283718624668,0.05520255959623272,0.005294939389842729,0.0,0.0,0.27148393492857464,0.6637150196025415,0.06480104546888378,0.0,0.0,0.0
65,0.028987309081913982,0.002274462995711527,0.18131763363739073,0.05982256638624461,0.2060934957215602,0.3365202897789911,0.20894141424746707,0.21166465431256234,0.03678014593941939,0.0,0.0,0.0,0.0,0.0,0.7439826237597774,0.2560173762402226,0.0,0.0,0.0,0.0
66,0.06600636557623223,0.0006747022633952495,0.29520152122697535,0.012286247508337234,0.539124192390524,0.3658770040679589,0.0849485522852357,0.010050251256281407,0.0,0.0,0.0,0.0,0.0,0.0,0.2507776980138789,0.7480258435032304,0.0011964584828906438,0.0,0.0,0.0
67,0.024014449973297863,0.0016824077811765294,0.1427839059420664,0.064826012926082,0.09986595174262734,0.3840482573726541,0.2993744414655943,0.18476318141197492,0.03194816800714924,0.0,0.0,0.0,0.0,0.0,0.8827077747989276,0.11729222520107238,0.0,0.0,0.0,0.0
68,0.07031289123715098,0.0024381597838309434,0.44296692333149207,0.04210096143382913,0.3307218083740046,0.3479321859748266,0.1966349858720781,0.08110711533521706,0.03217313126123812,0.009696891857179552,0.0017338813254559465,0.0,0.0,0.0,0.0977395324942204,0.8790136141792961,0.023246853326483432,0.0,0.0,0.0
69,0.008268481498860022,0.005527946239801529,0.0901399988914896,0.17556079021238777,0.001267962806424345,0.054945054945054944,0.14497041420118342,0.18300929839391372,0.1868131868131868,0.17709213863060014,0.1944209636517329,0.05748098055790364,0.0,0.0,0.991969568892646,0.008030431107354184,0.0,0.0,0.0,0.0
70,0.0484225653557815,0.005249836621953086,0.5020188015421712,0.09685084179369097,0.07518796992481203,0.31278195488721805,0.21052631578947367,0.1548872180451128,0.10977443609022557,0.09323308270676693,0.04360902255639098,0.0,0.0,0.0,0.03759398496240601,0.9278195488721804,0.03458646616541353,0.0,0.0,0.0
71,0.6537348068276546,0.006355828437897499,0.9630973206766229,0.09654331256815651,0.1696969696969697,0.22424242424242424,0.12121212121212124,0.22424242424242424,0.12727272727272726,0.09696969696969696,0.03636363636363636,0.0,0.0,0.0,0.11515151515151514,0.22424242424242424,0.4363636363636363,0.16363636363636366,0.060606060606060615,0.0
72,0.2881144522804696,0.000720980787730758,0.24860262420288132,0.025271623152659427,0.3667633651056776,0.4703688354745131,0.14421881475341894,0.018648984666390384,0.0,0.0,0.0,0.0,0.0,0.0,0.5557397430584334,0.3725652714463324,0.07086614173228346,0.0008288437629506838,0.0,0.0
73,0.030353977681878176,0.0014758971966204078,0.297357731609411,0.04905739348183834,0.23104836376561225,0.3443076897643393,0.3202291306755718,0.09400805098405507,0.010406764810421644,0.0,0.0,0.0,0.0,0.0,0.42758660593987385,0.5724133940601261,0.0,0.0,0.0,0.0
74,0.035089779152670836,0.005780370637279057,0.2623311766886029,0.10345233803210063,0.09183673469387756,0.2401883830455259,0.20251177394034536,0.195447409733124,0.12558869701726846,0.08712715855572999,0.053375196232339085,0.0039246467817896395,0.0,0.0,0.5031397174254317,0.4968602825745682,0.0,0.0,0.0,0.0
75,0.153497781230884,0.004411241720548372,0.40281972257835647,0.07367984167231455,0.185904285925658,0.2859420980814441,0.2404688707317474,0.1405296989823598,0.08208525819126375,0.04764331629046312,0.01632498725894751,0.001101484538116297,0.0,0.0,0.3189208739540007,0.5827182007989873,0.09558255380012164,0.002778371446890361,0.0,0.0
76,0.04782905157682148,0.006674749158993722,0.20679832711002316,0.1030288173544254,0.12101910828025478,0.2356687898089172,0.19745222929936307,0.19745222929936307,0.08280254777070062,0.08917197452229299,0.07006369426751592,0.006369426751592357,0.0,0.0,0.7133757961783439,0.28662420382165604,0.0,0.0,0.0,0.0
77,0.07957032556760438,0.003270279070311431,0.38610857485472255,0.19033667209698588,0.0,0.047619047619047616,0.047619047619047616,0.09523809523809523,0.2857142857142857,0.2857142857142857,0.2380952380952381,0.0,0.0,0.0,0.3333333333333333,0.6190476190476191,0.047619047619047616,0.0,0.0,0.0
78,0.3484380179457508,0.0023288891561964614,0.7219826351202598,0.0502088520313944,0.2576064908722109,0.30628803245436104,0.30425963488843816,0.07910750507099391,0.052738336713995936,0.0,0.0,0.0,0.0,0.0,0.10953346855983773,0.4137931034482759,0.4158215010141988,0.060851926977687626,0.0,0.0
79,0.21031052166832895,0.0026367426116785655,0.4405751218113995,0.05701500743250078,0.21375326127469246,0.34662691017517705,0.2643496086470369,0.11367871785314948,0.04453969437197167,0.0143496086470369,0.002609019754006709,9.317927692881103e-05,0.0,0.0,0.27888557584793144,0.5942974282519567,0.12048080506895265,0.00633619083115915,0.0,0.0
80,0.03882664503036392,0.005800299915845707,0.29622373245611805,0.05809554290935588,0.3090141515043406,0.34361993102628136,0.13330954929242478,0.05803305981686289,0.07224402425972172,0.04637887977167321,0.036924723510524435,0.0004756808181710073,0.0,0.0,0.3185872279700321,0.6814127720299679,0.0,0.0,0.0,0.0
81,0.07272445388896051,0.00538239165845069,0.30206849860064083,0.08175548655936345,0.0,0.6,0.2,0.0,0.0,0.2,0.0,0.0,0.0,0.0,0.6,0.4,0.0,0.0,0.0,0.0
82,0.11678494114331128,0.0011261187925022747,0.3515068075549442,0.036712696075290305,0.27450980392156865,0.4313725490196079,0.24509803921568624,0.04901960784313725,0.0,0.0,0.0,0.0,0.0,0.0,0.3235294117647059,0.6568627450980392,0.0196078431372549,0.0,0.0,0.0
83,0.034459959269121106,0.0018106165681886302,0.20130271247607823,0.06603576606950898,0.13034623217922606,0.34012219959266804,0.3054989816700611,0.1975560081466395,0.026476578411405296,0.0,0.0,0.0,0.0,0.0,0.5641547861507128,0.4358452138492872,0.0,0.0,0.0,0.0
84,0.15227383177231338,0.0028501004211434074,0.35606782175123436,0.060087516561338206,0.2058307961989113,0.3126672202232678,0.2718885506042993,0.14318664083402527,0.049635575237568036,0.013838915029061722,0.0029523018728665005,0.0,0.0,0.0,0.3344404465356583,0.6168465725620444,0.04806716486760771,0.0006458160346895469,0.0,0.0
85,0.13214606663617806,0.0020762512027406197,0.27792805461217146,0.05117511457359035,0.24232081911262804,0.3378839590443686,0.2525597269624573,0.13651877133105805,0.03071672354948805,0.0,0.0,0.0,0.0,0.0,0.5938566552901023,0.3720136518771331,0.034129692832764506,0.0,0.0,0.0
86,0.159907100440095,0.005579402826616913,0.587639884679158,0.11273377510120061,0.08379059765682931,0.17158534776805576,0.22842206732908202,0.19957733946314696,0.14785703692718374,0.1149710811211627,0.05186860447871868,0.0019279252558208515,0.0,0.0,0.07860002966038855,0.700652528548124,0.2128874388254486,0.007860002966038854,0.0,0.0
87,0.05524576192898107,0.002915744532559514,0.32187725693344676,0.04218552493444598,0.33749851243603474,0.35891943353564204,0.1710500218176048,0.07806735689634654,0.03550319330397874,0.011424491253123885,0.006346939585068824,0.0011900511722004047,0.0,0.0,0.30980998849617203,0.6894759808005078,0.0007140307033202428,0.0,0.0,0.0
88,0.025686286072752536,0.0009264629700431455,0.2868645678232041,0.02328623939337595,0.4338093761021148,0.4004113145494024,0.13437408378409385,0.030461921535800938,0.0009433040285880607,0.0,0.0,0.0,0.0,0.0,0.3658065036988566,0.6341934963011434,0.0,0.0,0.0,0.0
89,0.06640231965767909,0.004182889295660013,0.5198180572933482,0.1588492946817213,0.0,0.09728867623604466,0.11004784688995216,0.2057416267942584,0.2376395534290271,0.2535885167464115,0.09569377990430622,0.0,0.0,0.0,0.08133971291866028,0.8628389154704944,0.055821371610845286,0.0,0.0,0.0
90,0.00889421148853729,0.0005244784263746221,0.13349344046728412,0.024567967537323238,0.3657817109144543,0.516879711569977,0.10242543428384136,0.014913143231727303,0.0,0.0,0.0,0.0,0.0,0.0,0.9498525073746312,0.05014749262536873,0.0,0.0,0.0,0.0
91,0.14514414579682472,0.001582290552286786,0.2893185100801436,0.029297896065951762,0.4008429844743914,0.3498772258850369,0.18650064770596084,0.055200015467605036,0.007579126467005665,0.0,0.0,0.0,0.0,0.0,0.4320102086193229,0.5225923706038166,0.044798051081765634,0.0005993696950948357,0.0,0.0
92,0.1938541634129855,0.001585175784889479,0.3218216284631969,0.03001182403680608,0.4006993888223804,0.3787411001197152,0.14983302879465693,0.05447041774305337,0.01297964841534875,0.0032764161048453155,0.0,0.0,0.0,0.0,0.4051414529645265,0.5256127528196081,0.06713502614832084,0.0021107680675445787,0.0,0.0
93,0.009552539367011219,0.0006396503634863433,0.1278920596538588,0.027800810172721846,0.3467683805862566,0.4993392599711677,0.13022585295530995,0.023606439211917348,6.00672753483902e-05,0.0,0.0,0.0,0.0,0.0,0.9511653051417588,0.04883469485824123,0.0,0.0,0.0,0.0
94,0.1037334593700145,0.0010839871598563396,0.2617382573000894,0.032581085697152026,0.3379925409437328,0.4223771688016864,0.18819523269012486,0.04884060321063726,0.002594454353818713,0.0,0.0,0.0,0.0,0.0,0.5020917788227663,0.4828279552456624,0.015080265931571269,0.0,0.0,0.0
95,0.14206000453798853,0.0010405589936331918,0.55682802825748,0.05144915008457458,0.16399286987522282,0.39572192513368987,0.3582887700534759,0.08021390374331551,0.0017825311942959,0.0,0.0,0.0,0.0,0.0,0.11140819964349376,0.6862745098039216,0.2014260249554367,0.00089126559714795,0.0,0.0
97,0.010477388854126187,0.0025983218622836327,0.13461277252537857,0.06964438509587244,0.07062307174013263,0.4376928259867371,0.2707188198163055,0.13764672506117234,0.05030911261628663,0.02135714032412497,0.009947161246852724,0.0017051432083880042,0.0,0.0,0.9526963131080298,0.04730368689197016,0.0,0.0,0.0,0.0
98,0.07453310951683255,0.0012833941543376468,0.35987137302715727,0.07275391482095576,0.06387015177065768,0.3075463743676223,0.3684654300168634,0.24747048903878585,0.012647554806070826,0.0,0.0,0.0,0.0,0.0,0.3064924114671164,0.677487352445194,0.016020236087689713,0.0,0.0,0.0
99,0.11353697453783011,0.006020548399388463,0.31269206884652906,0.08708140227376387,0.1900870730073677,0.21808439383791026,0.2191560616208975,0.15860683188211655,0.09899531145344943,0.07139986604152712,0.03884795713328868,0.0048225050234427325,0.0,0.0,0.4415271265907569,0.5290020093770931,0.029068988613529807,0.00040187541862022767,0.0,0.0
100,0.18544014900360467,0.0016232935963104674,0.34200743836300734,0.03447098987560236,0.3522083805209513,0.3986409966024915,0.16874292185730466,0.06681766704416761,0.013590033975084938,0.0,0.0,0.0,0.0,0.0,0.3737259343148358,0.5809739524348809,0.04530011325028312,0.0,0.0,0.0
101,0.05176037299936729,0.0017778520711103864,0.27473629898018564,0.04588234933213087,0.2475425882817449,0.3970601541486045,0.2296024545327422,0.10477005206833867,0.02102475096856981,0.0,0.0,0.0,0.0,0.0,0.4535621159651562,0.5453932270031504,0.0010446570316934136,0.0,0.0,0.0
102,0.07818896542871888,0.0010914910254432573,0.4866302204726955,0.06833811598752611,0.07256191950464398,0.3155959752321981,0.4121517027863777,0.19620743034055727,0.00348297213622291,0.0,0.0,0.0,0.0,0.0,0.07140092879256968,0.8397832817337462,0.08881578947368421,0.0,0.0,0.0
103,0.4203171524422773,0.003955921969211288,0.5188434896568808,0.0532923955954835,0.30729040097205346,0.3049817739975699,0.18784933171324425,0.10753341433778857,0.05455650060753341,0.028554070473876064,0.006682867557715674,0.002551640340218712,0.0,0.0,0.2885783718104496,0.4626974483596598,0.205224787363305,0.038882138517618466,0.004374240583232078,0.00024301336573511544
104,0.08873629075801091,0.0045838435752888745,0.395853559864002,0.14184126615320983,0.0047169811320754715,0.08490566037735849,0.2452830188679245,0.2547169811320755,0.14622641509433962,0.1509433962264151,0.10849056603773584,0.0047169811320754715,0.0,0.0,0.28773584905660377,0.6745283018867925,0.03773584905660377,0.0,0.0,0.0
105,0.06428821939252122,0.002703314159897473,0.5318796526148115,0.06992824992159871,0.1234807654541884,0.3565864408998669,0.2797573588775666,0.14479914464640292,0.06628990377272033,0.02590063060507539,0.0031857557441794496,0.0,0.0,0.0,0.03670165179253311,0.8884112679744267,0.07488708023304022,0.0,0.0,0.0
106,0.04282915889035253,0.00359749467390052,0.3788924071309096,0.11823663449573973,0.013888888888888888,0.15046296296296294,0.30092592592592593,0.25,0.16203703703703706,0.07407407407407407,0.04861111111111111,0.0,0.0,0.0,0.18055555555555555,0.8194444444444444,0.0,0.0,0.0,0.0
107,0.07123068350450386,0.005644248794800882,0.41675466142890144,0.12742372241770458,0.0495568818954603,0.15934165310182674,0.2027491408934708,0.2003979019714234,0.16440586001085186,0.13980828359558692,0.0815699041417978,0.002170374389582203,0.0,0.0,0.19225899801049007,0.7755471152107072,0.03219388677880268,0.0,0.0,0.0
108,0.008960448454659363,0.0015166208983241568,0.12340940178131987,0.09229841926459867,0.003069053708439898,0.2659846547314578,0.2925831202046036,0.3386189258312021,0.09974424552429667,0.0,0.0,0.0,0.0,0.0,0.9831202046035804,0.016879795396419442,0.0,0.0,0.0,0.0
109,0.13015547051873474,0.0010475830597076292,0.24620937991545638,0.02850463280015239,0.39338181818181817,0.3916363636363636,0.17701818181818182,0.034763636363636365,0.0032,0.0,0.0,0.0,0.0,0.0,0.6298909090909091,0.3342545454545455,0.02501818181818181,0.010836363636363635,0.0,0.0
110,0.038381260738896396,0.006088735453508227,0.2965823463415746,0.0855194130940807,0.16982643524699598,0.29212283044058746,0.18664886515353804,0.1375166889185581,0.08464619492656876,0.0835781041388518,0.04299065420560748,0.002670226969292389,0.0,0.0,0.40106809078771694,0.598931909212283,0.0,0.0,0.0,0.0
111,0.08400006078382304,0.0003912071063853771,0.2513586932390411,0.01496939493118072,0.5292792576900588,0.3826353408804067,0.08666992577539627,0.0014154756541382696,0.0,0.0,0.0,0.0,0.0,0.0,0.4351517242921823,0.5640782313903294,0.0007700443174883135,0.0,0.0,0.0
112,0.08438199136368497,0.0010302676129854999,0.42582712496178826,0.03243318515969022,0.3333333333333333,0.3333333333333333,0.3333333333333333,0.0,0.0,0.0,0.0,0.0,0.0,0.0,0.1111111111111111,0.7777777777777778,0.1111111111111111,0.0,0.0,0.0
113,0.03723437909720897,0.00137624661540198,0.2575806304769253,0.07073960000183117,0.029900332225913626,0.4269102990033223,0.3056478405315615,0.20930232558139536,0.02823920265780732,0.0,0.0,0.0,0.0,0.0,0.4451827242524917,0.5548172757475083,0.0,0.0,0.0,0.0
114,0.2140310699322512,0.00250114619839313,0.6224321999553273,0.05303456941984787,0.2394352491573853,0.3437248431984855,0.2468042568625543,0.11317132721755825,0.0568643235640166,0.0,0.0,0.0,0.0,0.0,0.09171893383816493,0.6470218770180731,0.2457338487805309,0.015401491494236603,0.00012384886899443565,0.0
115,0.018153701671363147,0.0071778385465867435,0.23075049362025996,0.15803883839010768,0.028070175438596492,0.1368421052631579,0.13333333333333333,0.11578947368421053,0.16842105263157894,0.23157894736842105,0.16842105263157894,0.017543859649122806,0.0,0.0,0.6736842105263158,0.3263157894736842,0.0,0.0,0.0,0.0
116,0.003863604179922735,0.0007246904752411889,0.09989668740563895,0.048167122030276024,0.10253807106598983,0.5777918781725888,0.25291878172588833,0.050507614213197966,0.016243654822335026,0.0,0.0,0.0,0.0,0.0,1.0,0.0,0.0,0.0,0.0,0.0
117,0.0515179513682483,0.003993005657312442,0.5327375435718451,0.11189229738956752,0.020151133501259445,0.2040302267002519,0.2619647355163728,0.23173803526448364,0.15113350125944586,0.0982367758186398,0.0327455919395466,0.0,0.0,0.0,0.0,0.9168765743073048,0.08312342569269521,0.0,0.0,0.0
118,0.035283131016457685,0.00603254922692751,0.11883479801137548,0.10622315668065405,0.08045977011494253,0.2389594676346037,0.2371445856019359,0.16878402903811252,0.10647307924984876,0.0955837870538415,0.060496067755595885,0.012099213551119177,0.0,0.0,0.8687235329703571,0.13127646702964307,0.0,0.0,0.0,0.0
119,0.030763974558959076,0.007665252291699352,0.26169017053504023,0.12092268771359804,0.11585127201565558,0.16027397260273973,0.1923679060665362,0.14540117416829745,0.14227005870841486,0.13424657534246576,0.09275929549902152,0.016829745596868884,0.0,0.0,0.5669275929549902,0.43307240704500977,0.0,0.0,0.0,0.0
120,0.1777163271101449,0.003864124722550097,0.45849425415496964,0.05415871918859337,0.28969359331476324,0.3231197771587744,0.1615598885793872,0.14763231197771587,0.04735376044568245,0.02506963788300836,0.0027855153203342627,0.0027855153203342627,0.0,0.0,0.1866295264623956,0.7381615598885793,0.07520891364902507,0.0,0.0,0.0
121,0.025519999128956264,0.0008317284849324962,0.2261676830239463,0.022873760921025478,0.41913282863041984,0.4546414724060156,0.09747330548608887,0.01861631448760843,0.009456365457605635,0.0006797135322616914,0.0,0.0,0.0,0.0,0.6368046990521489,0.3631953009478511,0.0,0.0,0.0,0.0
122,0.01302356355249034,0.0010243213358534977,0.19502632323589586,0.03026877957772993,0.33016403313683024,0.4888070935348218,0.1426864917886313,0.02306564239028038,0.012363184321190284,0.002913554828245943,0.0,0.0,0.0,0.0,0.7742674837569319,0.2257325162430681,0.0,0.0,0.0,0.0
123,0.07612878296158178,0.0018079715933266613,0.21387054622273272,0.05788129952041596,0.16666938802168374,0.3758000783750245,0.2703693423029195,0.1622281366337927,0.024933054666579583,0.0,0.0,0.0,0.0,0.0,0.7100205734439292,0.2826644242701326,0.007315002285938214,0.0,0.0,0.0
124,0.030908868911650626,0.001497453586448129,0.18798687966634553,0.041902194427361955,0.2526259482590936,0.4390682746547364,0.2270472670686637,0.06277961486092201,0.014929002139661543,0.002674576930558257,0.0008753160863645205,0.0,0.0,0.0,0.7241295467807819,0.27587045321921805,0.0,0.0,0.0,0.0
125,0.11703487352617091,0.006104640099633655,0.38059378926710435,0.12898035714367911,0.06848211408314535,0.14727682887528198,0.17257492748952627,0.18691588785046728,0.19110538188849505,0.15194972607154367,0.0749274895262649,0.00676764421527554,0.0,0.0,0.3098614244279729,0.6400257815017725,0.05011279407025459,0.0,0.0,0.0
126,0.26843638745685144,0.002059077171003267,0.39939284463485264,0.045646918591039864,0.29038980399567466,0.3523931004797749,0.2202712775450642,0.10440091125738822,0.03199899215772732,0.0005459145643706758,0.0,0.0,0.0,0.0,0.383804184645103,0.4789088007726791,0.1283581619476552,0.008503669175773991,0.0004251834587886996,0.0
127,0.040194946247959086,0.000693008868750986,0.24013184915788016,0.02028529763364975,0.4874466065495966,0.37294731846226864,0.12237778832463216,0.01511627906976744,0.0021120075937351686,0.0,0.0,0.0,0.0,0.0,0.6231608922638823,0.3768391077361177,0.0,0.0,0.0,0.0
128,0.054301092946497084,0.0007573414485944686,0.6312073466737105,0.06364785883654905,0.05597014925373135,0.3805970149253731,0.4253731343283582,0.13805970149253732,0.0,0.0,0.0,0.0,0.0,0.0,0.00373134328358209,0.8432835820895522,0.15298507462686567,0.0,0.0,0.0
129,0.19108252676137555,0.0006463811699077458,0.32911130393201243,0.019572810308304357,0.4572631578947368,0.4185263157894737,0.10863157894736844,0.015578947368421053,0.0,0.0,0.0,0.0,0.0,0.0,0.31705263157894736,0.6421052631578947,0.04042105263157895,0.00042105263157894734,0.0,0.0
130,0.025346612228239203,0.004738490712033424,0.2670282642069252,0.07063640758290482,0.19354112748959154,0.3488241251265894,0.1828513559131316,0.12107572859232585,0.08315517047372567,0.04512208844379431,0.023967593113536627,0.0014628108473050524,0.0,0.0,0.4741757623494993,0.5258242376505007,0.0,0.0,0.0,0.0
131,0.182595181749266,0.0025293162235942284,0.341367152775471,0.06554779730023699,0.1784310054296948,0.28444111589589965,0.2837670848155776,0.19183673469387755,0.061524059164950386,0.0,0.0,0.0,0.0,0.0,0.4644448605130125,0.45362291705673097,0.07511701928477812,0.006815203145478375,0.0,0.0
132,0.051649265379118355,0.0009449479931593078,0.2026499953067316,0.030596812587692465,0.3336864964268302,0.4464451503293155,0.19234149116910226,0.026841719053628824,0.0006851430211232573,0.0,0.0,0.0,0.0,0.0,0.6708721870658899,0.3289927702516858,0.00013504268242429417,0.0,0.0,0.0
133,0.006468576407044487,0.0008492021944436188,0.18525239925761672,0.07937298100285327,0.02325581395348837,0.20930232558139536,0.4651162790697674,0.3023255813953488,0.0,0.0,0.0,0.0,0.0,0.0,0.8837209302325582,0.11627906976744184,0.0,0.0,0.0,0.0
134,0.025516532312248912,0.001317123017847038,0.09468725188293498,0.07839122901140165,0.039852398523985234,0.2811808118081181,0.3918819188191882,0.24501845018450186,0.042066420664206634,0.0,0.0,0.0,0.0,0.0,0.9210332103321032,0.07749077490774907,0.0014760147601476016,0.0,0.0,0.0
135,0.024416075368652482,0.00355863951527472,0.31590302520706554,0.07876955320664125,0.10721982758620688,0.32004310344827586,0.2893318965517241,0.14493534482758622,0.08081896551724138,0.04256465517241378,0.014008620689655173,0.0010775862068965515,0.0,0.0,0.3275862068965517,0.6724137931034483,0.0,0.0,0.0,0.0
136,0.18123037226612582,0.002066388311727937,0.5626388683406409,0.03969471102742228,0.3384476534296029,0.3073104693140794,0.2430054151624549,0.0970216606498195,0.014214801444043322,0.0,0.0,0.0,0.0,0.0,0.08596570397111912,0.6841155234657039,0.2276624548736462,0.002256317689530686,0.0,0.0
137,0.009962958381764545,0.0006542862392397181,0.1287178156902984,0.02784363909161705,0.33821565850697954,0.516407040258952,0.1191584058264212,0.024114909973700183,0.002103985433946996,0.0,0.0,0.0,0.0,0.0,0.952134331377706,0.04786566862229416,0.0,0.0,0.0,0.0
138,0.07388725545727796,0.003603598638340964,0.46497317817077105,0.16527234586162565,0.0,0.03148148148148148,0.15,0.2333333333333333,0.2314814814814815,0.2148148148148148,0.13333333333333333,0.005555555555555557,0.0,0.0,0.13703703703703704,0.8222222222222222,0.04074074074074074,0.0,0.0,0.0
139,0.06175064780814637,0.002126949477027998,0.1566888889366675,0.0419565154672466,0.27778630052926284,0.4451177418117665,0.16924906036664875,0.06723172509012809,0.026194676689422408,0.012157704993480095,0.0022627905192912482,0.0,0.0,0.0,0.7500575285725244,0.2490603666487689,0.0008821047787067578,0.0,0.0,0.0
140,0.25566822434521896,0.0010699029396932015,0.44706052065352014,0.02438333460037593,0.4151343705799152,0.3886546621695137,0.1701256664127951,0.026085300837776087,0.0,0.0,0.0,0.0,0.0,0.0,0.2398950059841149,0.6335137634642585,0.12616962245675115,0.0004216080948754216,0.0,0.0
141,0.03402182902938489,0.004241253484936083,0.29083653896559186,0.15461267346937152,0.007045797684952189,0.059386009058882736,0.17362858580775034,0.2259687971816809,0.23251132360342225,0.18621036738802216,0.11172622043281327,0.0035228988424760945,0.0,0.0,0.4151987921489683,0.5842979365878208,0.0005032712632108706,0.0,0.0,0.0
142,0.018349128676502617,0.0022929831819888105,0.22827712418577656,0.07048742837685903,0.08844357390387222,0.3762241976796746,0.30797046858520416,0.14871176736477326,0.05529606750037668,0.0212445381949676,0.0021093867711315353,0.0,0.0,0.0,0.6415549193912913,0.3584450806087088,0.0,0.0,0.0,0.0
143,0.1633573514237537,0.002977424208218744,0.4081019038566573,0.04675546306433151,0.3157407407407408,0.33935185185185185,0.1875,0.09444444444444444,0.042592592592592585,0.017052469135802467,0.003317901234567901,0.0,0.0,0.0,0.25895061728395063,0.6782407407407407,0.06257716049382718,0.0002314814814814815,0.0,0.0
144,0.19418389178832937,0.005582972325536911,0.5412189018825249,0.0915767443822722,0.13705583756345174,0.26903553299492383,0.18274111675126906,0.20304568527918784,0.08121827411167512,0.0964467005076142,0.02030456852791878,0.01015228426395939,0.0,0.0,0.14213197969543148,0.6903553299492385,0.14720812182741114,0.02030456852791878,0.0,0.0
145,0.16631249736092937,0.0034147904852233958,0.41038556391158315,0.041342809691253785,0.368950698598484,0.3315049560541603,0.15598073725354694,0.07828190122443691,0.0416567689550176,0.014900554991685922,0.006435312155829572,0.002289070766838707,0.0,0.0,0.22219102943399485,0.7214244066771762,0.056254993845422936,0.00012957004340596455,0.0,0.0
146,0.04284400048150726,0.007383520083236192,0.32024929085064163,0.12468939260485623,0.1074717996481424,0.16697712925592467,0.15321328779882026,0.1595260271137328,0.1525406188554279,0.15626616992652384,0.09795094691089724,0.00605402049053089,0.0,0.0,0.3374728345234399,0.6613888026492808,0.0011383628272793134,0.0,0.0,0.0
147,0.3928148325652575,0.0039337715798305264,0.5228106151090521,0.06151782165534678,0.24183006535947715,0.3083681560055716,0.22147219543555127,0.12021857923497267,0.06514518375656274,0.0323582985106611,0.010178934961962928,0.00042858673524054434,0.0,0.0,0.2853316189863924,0.4223722275795564,0.2688310296796314,0.0234651237544198,0.0,0.0
148,0.20090487228489357,0.0022051848527860326,0.4000082653701342,0.0489285680166814,0.2725231546449621,0.3317429132753298,0.2441762559640752,0.12012349143979792,0.03143418467583497,0.0,0.0,0.0,0.0,0.0,0.30620263822621385,0.587426326129666,0.10552904855458883,0.0008419870895312937,0.0,0.0
149,0.19772902394946054,0.005522708009312908,0.5544461750808345,0.14335054589937524,0.045901639344262286,0.09442622950819672,0.1659016393442623,0.1921311475409836,0.219344262295082,0.1842622950819672,0.09147540983606556,0.006557377049180328,0.0,0.0,0.16491803278688524,0.6140983606557378,0.2140983606557377,0.006885245901639346,0.0,0.0
150,0.386328887041362,0.006098459330899951,0.6980446243270226,0.07984538436631905,0.2304704359085024,0.21730686232196805,0.2039274924471299,0.1555891238670695,0.09581355200690547,0.05934397928355632,0.0256797583081571,0.011868795856711264,0.0,0.0,0.14738886491152353,0.4192921881743634,0.3726801899007337,0.056322831247302536,0.004315925766076824,0.0
151,0.10831790923129511,0.0037526213487199507,0.5998157420766757,0.08127520202375242,0.115918282526336,0.2915660917243474,0.27509311507904793,0.16237191681186758,0.09195613600396438,0.052695941301533,0.010270633182537526,0.000127883370366226,0.0,0.0,0.04038716690378375,0.771704205764343,0.1853509599245488,0.00255766740732452,0.0,0.0
152,0.0810203137601473,0.0013778947016565353,0.35664806014248823,0.02564422847952768,0.42569659442724456,0.3753869969040248,0.1536377708978328,0.03444272445820434,0.010061919504643965,0.0007739938080495358,0.0,0.0,0.0,0.0,0.2484520123839009,0.7395510835913313,0.011996904024767802,0.0,0.0,0.0
153,0.1406015544382119,0.005170283592124246,0.6118908389259885,0.1199554986184975,0.03895906254755745,0.1984477248516208,0.21823162380155228,0.19479531273778725,0.1605539491705981,0.13179120377415918,0.05569928473596104,0.0015218383807639624,0.0,0.0,0.06254755744939887,0.7012631258560341,0.230406330847664,0.005782985846903059,0.0,0.0
154,0.08865524517673115,0.0015136198850482627,0.23739401380758912,0.03321899524295287,0.3472296244670384,0.3726290040450421,0.219084809227069,0.056179621733901834,0.004876940526948728,0.0,0.0,0.0,0.0,0.0,0.6195286022739696,0.3707209330928173,0.009750464633213076,0.0,0.0,0.0
155,0.0319137678523616,0.002363926410596466,0.1831645468443739,0.06246310919618764,0.1306930693069307,0.4079207920792079,0.24554455445544554,0.1485148514851485,0.05742574257425743,0.0099009900990099,0.0,0.0,0.0,0.0,0.7544554455445545,0.24554455445544554,0.0,0.0,0.0,0.0
156,0.08736531824265054,0.0029374103707664246,0.26379731938730727,0.06434585415142838,0.14285714285714285,0.3333333333333333,0.3809523809523809,0.047619047619047616,0.047619047619047616,0.047619047619047616,0.0,0.0,0.0,0.0,0.5714285714285714,0.42857142857142855,0.0,0.0,0.0,0.0
157,0.015834206147398788,0.0016622911608617735,0.19747872718374349,0.07577948236694214,0.08854166666666667,0.234375,0.3645833333333333,0.2916666666666667,0.020833333333333332,0.0,0.0,0.0,0.0,0.0,0.7864583333333334,0.21354166666666666,0.0,0.0,0.0,0.0
158,0.03869861870890954,0.0010053651941220503,0.23409477073732549,0.04418397501476681,0.20300751879699247,0.4511278195488722,0.2781954887218045,0.06766917293233082,0.0,0.0,0.0,0.0,0.0,0.0,0.4887218045112782,0.5112781954887218,0.0,0.0,0.0,0.0
159,0.2291899369569892,0.006398621577171437,0.6128217509145995,0.08697341861169731,0.1948488241881299,0.2318029115341545,0.2038073908174692,0.1433370660694289,0.09966405375139978,0.08398656215005601,0.03023516237402016,0.012318029115341543,0.0,0.0,0.1276595744680851,0.6047032474804032,0.25195968645016803,0.01567749160134379,0.0,0.0
160,0.11641416479748488,0.001487229112005346,0.6448320821749547,0.04740862838258725,0.21879651286412927,0.3891133319157984,0.28088454178184136,0.09908568998511587,0.012119923453115031,0.0,0.0,0.0,0.0,0.0,0.03742292153944291,0.7046566021688284,0.2551562832234744,0.0027641930682543053,0.0,0.0
161,0.08531726756035733,0.006103555034865404,0.5964172530575178,0.10317216661700102,0.12807881773399016,0.206896551724138,0.18226600985221675,0.21182266009852216,0.08374384236453201,0.1477832512315271,0.039408866995073885,0.0,0.0,0.0,0.024630541871921183,0.8226600985221675,0.15270935960591134,0.0,0.0,0.0
162,0.5212116586029953,0.003135704729239015,0.6293197005704398,0.058231384275232986,0.2556394862203301,0.2664379527347504,0.2498320812623356,0.14877772381414928,0.07931275596843472,0.0,0.0,0.0,0.0,0.0,0.2388476124538869,0.3787351155108691,0.30884992026012764,0.06523858238696055,0.008080766329451395,0.0002480030587043907
163,0.02374770070827912,0.0031605769269614573,0.34307037736098595,0.15524965875535593,0.005505849965588438,0.029938059187887126,0.13041982105987612,0.3386097728836889,0.2398485891259463,0.1520991052993806,0.10116999311768754,0.002408809359944941,0.0,0.0,0.18719889883000687,0.8128011011699932,0.0,0.0,0.0,0.0
164,0.012815863431350806,0.003637626171204997,0.291224992295174,0.11842335068372326,0.013184062925968135,0.1445107371902304,0.2960157314920337,0.2674800563115908,0.14453308305959645,0.0906348461486894,0.041675046367678936,0.0019664365042121965,0.0,0.0,0.3260485799200018,0.6739514200799982,0.0,0.0,0.0,0.0
165,0.14464050827215028,0.001628254104898341,0.48942679981854714,0.05429174759415191,0.17647058823529413,0.4117647058823529,0.17647058823529413,0.2352941176470588,0.0,0.0,0.0,0.0,0.0,0.0,0.05882352941176471,0.7647058823529411,0.17647058823529413,0.0,0.0,0.0
166,0.14342321561399227,0.003361516602135762,0.528026819630838,0.06222898775958699,0.2003112996761479,0.3248813797605001,0.2534079783094419,0.1273316094695353,0.0607285416614365,0.028343333417016038,0.0049958577059222254,0.0,0.0,0.0,0.11937338387768935,0.7313785052594582,0.14924811086285242,0.0,0.0,0.0
167,0.16367150641886605,0.0009392389069686189,0.20915855750841433,0.02150949404684578,0.4494312021619172,0.3897276566823632,0.13291907374144374,0.02670841626616179,0.0012136511481139866,0.0,0.0,0.0,0.0,0.0,0.5038513196433484,0.484295354143405,0.011853326213246598,0.0,0.0,0.0
168,0.008715914610352232,0.004280918694228097,0.07049796869493413,0.1682702162769082,0.0039428289797930035,0.017742730409068506,0.14243469689502214,0.28684080827994085,0.19467718087727945,0.1720059142434697,0.13602759980285856,0.046328240512567766,0.0,0.0,0.992114342040414,0.007885657959586003,0.0,0.0,0.0,0.0
169,0.10922206648150742,0.00903286156711769,0.4495940978409689,0.09088996556867944,0.2693548387096774,0.17903225806451614,0.15483870967741936,0.1338709677419355,0.08870967741935484,0.09193548387096774,0.05,0.03225806451612903,0.0,0.0,0.14677419354838708,0.7580645161290323,0.09516129032258064,0.0,0.0,0.0
170,0.07494933475940256,0.001517353408625378,0.39746011735338677,0.04695688740011214,0.2445164049612024,0.36848536689680456,0.2717052605853241,0.10838883118470093,0.006904136371967984,0.0,0.0,0.0,0.0,0.0,0.2525203152685281,0.7191299566200281,0.02834972811144376,0.0,0.0,0.0
171,0.20875747778573003,0.0046489742705217284,0.5295055262296686,0.07869816580883203,0.17800212539851226,0.2415515409139213,0.2685441020191286,0.15334750265674815,0.08767268862911796,0.047927736450584485,0.020403825717321997,0.0025504782146652497,0.0,0.0,0.1895855472901169,0.6078639744952179,0.19181721572794894,0.01073326248671626,0.0,0.0
172,0.05914043904293828,0.001360428940588499,0.3854250695959596,0.038582144048278075,0.3076923076923077,0.38649155722326456,0.2120075046904316,0.08818011257035648,0.005628517823639775,0.0,0.0,0.0,0.0,0.0,0.275797373358349,0.7129455909943715,0.01125703564727955,0.0,0.0,0.0
173,0.14197804458694097,0.00494755549770557,0.326907844509097,0.06410399493728147,0.2604166666666667,0.2916666666666667,0.2083333333333333,0.10416666666666667,0.07291666666666667,0.041666666666666664,0.020833333333333332,0.0,0.0,0.0,0.3229166666666667,0.65625,0.020833333333333332,0.0,0.0,0.0
174,0.03938998737187754,0.0012518549588834236,0.25838512023662036,0.06559655260080474,0.06487488415199258,0.432808155699722,0.2928637627432808,0.2020389249304912,0.007414272474513438,0.0,0.0,0.0,0.0,0.0,0.5050973123262279,0.4949026876737721,0.0,0.0,0.0,0.0
175,0.12380021574734111,0.001608352200917348,0.3592165186062896,0.03768098711546465,0.3190272327268403,0.3751456772505649,0.22030562492567488,0.07482459269829944,0.010696872398620523,0.0,0.0,0.0,0.0,0.0,0.2755202758948745,0.7020097514567725,0.02246997264835296,0.0,0.0,0.0
176,0.1584122817468577,0.004761948301601734,0.41885882208111486,0.07013402953790447,0.2215540052922781,0.29059417849410635,0.2138561462593216,0.12003848929516478,0.08684147221554005,0.05027664180899687,0.013711811402453693,0.0031272552321385608,0.0,0.0,0.32162617272071203,0.5900890064950686,0.08828482078421937,0.0,0.0,0.0
177,0.16529403239119095,0.0024555217297277084,0.52262016842694,0.037387003461978305,0.3782340759961079,0.3139642224495397,0.19847309198872284,0.07252813053566527,0.0258476584915546,0.009780195104912551,0.0011726254334971686,0.0,0.0,0.0,0.1515680746488361,0.6769541678101844,0.17070432374441755,0.000773433796561962,0.0,0.0
178,0.0675754846209226,0.0014571774881282694,0.36916200426410123,0.04194803544462679,0.2692307692307692,0.38461538461538464,0.2692307692307692,0.07692307692307693,0.0,0.0,0.0,0.0,0.0,0.0,0.21153846153846154,0.7692307692307693,0.019230769230769232,0.0,0.0,0.0
179,0.10569722620599235,0.0019436120260337968,0.25998581063315546,0.035598140949043997,0.3575162387875039,0.3855088153417878,0.16599133931333127,0.06265078874110733,0.01927002783792144,0.007763686978038973,0.0012991030003093105,0.0,0.0,0.0,0.452366223321992,0.5414630374265388,0.006170739251469225,0.0,0.0,0.0
180,0.03448191347120167,0.004552459137247783,0.19994946363621247,0.09262015325754946,0.13048703714302065,0.1829680077834373,0.2768843358324272,0.2137011389000172,0.11617924798260172,0.05311051336347508,0.024838321982487258,0.0018313970125336235,0.0,0.0,0.6919819149545012,0.3080180850454988,0.0,0.0,0.0,0.0
181,0.011873534893852282,0.000783890082617347,0.06838175150100001,0.0317847961019313,0.2818569398389389,0.5873993368072004,0.09758408337280908,0.015632401705352912,0.011369019422074848,0.0056845097110374216,0.000473709142586452,0.0,0.0,0.0,0.9801042160113692,0.019895783988630983,0.0,0.0,0.0,0.0
182,0.08199246794453614,0.006081119900907543,0.43008095188499645,0.14660398120222295,0.04452359750667854,0.1219946571682992,0.14069456812110415,0.1736420302760463,0.17186108637577915,0.23864648263579696,0.10240427426536064,0.006233303650934996,0.0,0.0,0.2288512911843277,0.7382012466607302,0.03294746215494212,0.0,0.0,0.0
183,0.037101620939175524,0.0007276540794275061,0.09242153085192945,0.027104787939126303,0.36308161708619374,0.4630053394355454,0.15713196033562166,0.016781083142639208,0.0,0.0,0.0,0.0,0.0,0.0,0.9359267734553776,0.06407322654462243,0.0,0.0,0.0,0.0
184,0.0424886048821974,0.0019639287187070338,0.1608050678363005,0.06723838489644017,0.13148323845667298,0.33981657179000635,0.2680265654648956,0.2146584440227704,0.04601518026565465,0.0,0.0,0.0,0.0,0.0,0.7796489563567363,0.22019291587602785,0.00015812776723592663,0.0,0.0,0.0
185,0.017816929931253892,0.0008612388039442268,0.30275365651905933,0.08094054505815729,0.023746990588750273,0.2410811993871745,0.4393740424600569,0.29032611074633397,0.005471656817684395,0.0,0.0,0.0,0.0,0.0,0.2984241628365069,0.7015758371634931,0.0,0.0,0.0,0.0
186,0.11494724003245348,0.0005207192547798851,0.5066005730584857,0.07325575363553465,0.0,0.2903225806451613,0.4838709677419355,0.2258064516129032,0.0,0.0,0.0,0.0,0.0,0.0,0.06451612903225806,0.8064516129032258,0.12903225806451613,0.0,0.0,0.0
187,0.0336578450948797,0.00493175163791685,0.33678348520343143,0.10252540478023583,0.05710868671125832,0.291068684113687,0.1967768469814057,0.17894560252830272,0.14673571876961708,0.09542286295646904,0.033156914951187305,0.0007846829880728183,0.0,0.0,0.2681397060415178,0.7318440591380393,1.6234820442885905e-05,0.0,0.0,0.0
188,0.022177075118799933,0.008797378402772586,0.38901173158924346,0.18443104913929534,0.0,0.2,0.0,0.0,0.2,0.2,0.4,0.0,0.0,0.0,0.0,1.0,0.0,0.0,0.0,0.0
189,0.2178339614213075,0.0055849566797127785,0.45292761725745984,0.09163961151411684,0.14953328045878836,0.21816850710755906,0.2334817887865292,0.17558416204014402,0.11396498078213654,0.07180769934720273,0.029528399731560007,0.007931181746080165,0.0,0.0,0.29015923372582514,0.5415776950765664,0.15844060765053994,0.009822463547068514,0.0,0.0
190,0.1441039664467387,0.0021911247160495335,0.7254663140606654,0.037141403333864884,0.3741165565983085,0.3207044374927587,0.19708029197080293,0.07982852508399954,0.023519870235198703,0.004750318618931757,0.0,0.0,0.0,0.0,0.04460665044606652,0.5519638512339242,0.3958985053875565,0.007530992932452786,0.0,0.0
191,0.05121441338174469,0.002816411339987981,0.4730379426258035,0.06721846382869041,0.09310113864701942,0.4474212993971869,0.2672471533824514,0.10381781647689216,0.04822505023442733,0.024112525117213658,0.015405224380442062,0.0006697923643670463,0.0,0.0,0.06496985934360347,0.9068988613529806,0.02813127930341594,0.0,0.0,0.0
192,0.014316676355283579,0.0048052589228883506,0.13256855105018045,0.07215717310695104,0.1911357340720221,0.3250230840258541,0.21329639889196675,0.12003693444136658,0.07756232686980609,0.04339796860572484,0.024930747922437674,0.004616805170821792,0.0,0.0,0.9159741458910434,0.0840258541089566,0.0,0.0,0.0,0.0
193,0.055476773894344356,0.001668633889973871,1.0000000000000002,0.1338963462155632,0.0,0.0,0.25,0.375,0.25,0.125,0.0,0.0,0.0,0.0,0.0,0.0,1.0,0.0,0.0,0.0
194,1.0,0.0021264784971408864,0.6174697823756665,0.047007329848095095,0.2270831171526409,0.456303828992425,0.17185846217702605,0.09434471308498496,0.05040987859292311,0.0,0.0,0.0,0.0,0.0,0.37358098993462696,0.3679568330393276,0.09689737470167063,0.07193109888969597,0.07074815814050016,0.015710283283179412
195,0.017944060269190855,0.00017059438308763647,0.21228271044375152,0.11493698163889396,0.0027624309392265192,0.0055248618784530384,0.2997237569060773,0.6464088397790055,0.04558011049723757,0.0,0.0,0.0,0.0,0.0,0.7058011049723757,0.29281767955801097,0.0,0.0013812154696132596,0.0,0.0
196,0.10947257528808527,0.0013482806178844312,0.37802443295480986,0.06161849189182193,0.13125590179414542,0.307837582625118,0.3937677053824363,0.1652502360717658,0.0018885741265344664,0.0,0.0,0.0,0.0,0.0,0.36827195467422097,0.5646836638338055,0.06704438149197356,0.0,0.0,0.0
197,0.11198074908842907,0.004745198535047809,0.5816781641931581,0.10890080181115205,0.031055900621118005,0.2567287784679089,0.2484472049689441,0.16977225672877844,0.13043478260869565,0.13457556935817805,0.028985507246376805,0.0,0.0,0.0,0.11387163561076605,0.7101449275362319,0.17598343685300208,0.0,0.0,0.0
198,0.15500761305041877,0.001549243564451197,0.25931252411457933,0.029847872352567376,0.39255794829624296,0.3757810262924104,0.16561795607897267,0.05615312887759822,0.008450869683331008,0.0014390707714447245,0.0,0.0,0.0,0.0,0.4569490231205809,0.5201212931078789,0.022929683771540168,0.0,0.0,0.0
199,0.060972110809820346,0.0024465306237484233,0.3331094440489611,0.05129948358268459,0.2384964355152301,0.373298768632534,0.2326636422553467,0.10434219053791316,0.036292935839274135,0.013609850939727802,0.0012961762799740765,0.0,0.0,0.0,0.3609850939727803,0.6338302009073234,0.005184705119896306,0.0,0.0,0.0
200,0.036061896738346595,0.004706608024217615,0.47085701020381127,0.17178288638574948,0.014526438117373619,0.06333527019174898,0.0979081929110982,0.16240557815223708,0.2187681580476467,0.26263800116211505,0.1769320162696107,0.0034863451481696693,0.0,0.0,0.04125508425334108,0.9439279488669381,0.01481696687972109,0.0,0.0,0.0
202,0.10358858174525855,0.0019357498512331459,0.4839493439184212,0.04291399034986708,0.3218193520703712,0.3135593220338983,0.2319244797253809,0.12400772366444968,0.008689122505900022,0.0,0.0,0.0,0.0,0.0,0.13806050203818926,0.7769791890152328,0.08496030894657798,0.0,0.0,0.0
203,0.04969873243735245,0.0019299219476431341,0.21328186045442388,0.037842278128986245,0.3274738596757085,0.39824215790271256,0.17457190483406576,0.07728443703591452,0.015305349295347782,0.006667676920745568,0.0004546143355053796,0.0,0.0,0.0,0.572359448401273,0.4276405515987271,0.0,0.0,0.0,0.0
204,0.14286523973343188,0.0021998077082243553,0.8818288596868449,0.15985318770924364,0.0020854678496428545,0.020077169576875286,0.11924225579316808,0.2561201578270442,0.3175433624717517,0.25247240569979434,0.03214672392620205,0.0003124568555214033,0.0,0.0,0.0055006939448767975,0.3454028876826601,0.6038410393913631,0.04397648580501239,0.0012788931760876045,0.0
205,0.0702677135258415,0.0028844310680772077,0.5414448012340651,0.14670115317162538,0.0,0.04672897196261682,0.17757009345794392,0.3271028037383177,0.2429906542056075,0.16822429906542055,0.037383177570093455,0.0,0.0,0.0,0.02803738317757009,0.8691588785046729,0.102803738317757,0.0,0.0,0.0
206,0.018565321002892942,0.0013222099455805713,0.14027011976974413,0.019844936727823136,0.4776119402985074,0.4116915422885572,0.07213930348258707,0.021766169154228857,0.00746268656716418,0.008084577114427859,0.0012437810945273634,0.0,0.0,0.0,0.8936567164179104,0.10634328358208957,0.0,0.0,0.0,0.0
207,0.0629605191486906,0.006877785176597603,0.2418880009120154,0.1302203769289304,0.07106598984771574,0.13282571912013535,0.24534686971235195,0.15143824027072758,0.12267343485617598,0.15905245346869712,0.10152284263959392,0.016074450084602367,0.0,0.0,0.6429780033840947,0.34856175972927245,0.008460236886632827,0.0,0.0,0.0
208,0.020011323883437276,0.0028969159502285477,0.1685976208450221,0.06571617121658599,0.2804232804232804,0.15873015873015872,0.2513227513227513,0.2724867724867725,0.037037037037037035,0.0,0.0,0.0,0.0,0.0,0.8148148148148148,0.1851851851851852,0.0,0.0,0.0,0.0
209,0.0316852676852032,0.0056829962776388365,0.26263373499099335,0.16145418268229134,0.02561117578579744,0.0710128055878929,0.13969732246798602,0.18044237485448195,0.21071012805587894,0.20372526193247964,0.15017462165308498,0.018626309662398137,0.0,0.0,0.37369033760186265,0.6251455180442375,0.0011641443538998836,0.0,0.0,0.0
210,0.016583660841549806,0.005552203172339178,0.08875274632144065,0.15791465451632947,0.0,0.0,0.375,0.0,0.375,0.125,0.0,0.125,0.0,0.0,1.0,0.0,0.0,0.0,0.0,0.0
211,0.08640088436308821,0.0005666901497803352,0.16211035380690308,0.016292899913069647,0.4983597338082295,0.3879463867279033,0.10863248664354673,0.005061392820320555,0.0,0.0,0.0,0.0,0.0,0.0,0.6814134408098228,0.3170868872434155,0.0014996719467616458,0.0,0.0,0.0
212,0.1307092729131639,0.001715451297515716,0.49006397586446865,0.03892225318473953,0.3208080997030421,0.3636565576262071,0.22276521617134706,0.07849510136320059,0.014275025136203146,0.0,0.0,0.0,0.0,0.0,0.1345312974957327,0.7710033436995815,0.09430168120279656,0.00016367760188930718,0.0,0.0
213,0.08845175882025624,0.004366720743861395,0.5431705650158172,0.13566819400929284,0.020148926850635133,0.11563731931668855,0.2172579938677179,0.21550591327201046,0.20324134910205868,0.16381953569864213,0.06438896189224705,0.0,0.0,0.0,0.02759526938239159,0.8414367060884801,0.13096802452912834,0.0,0.0,0.0
214,0.02675361309764491,0.00019513744945190767,0.1117497426559218,0.010035323532998242,0.5675707726972402,0.3894827790672065,0.042895624036457886,5.0824199095329246e-05,0.0,0.0,0.0,0.0,0.0,0.0,0.9288630626662376,0.07113693733376251,0.0,0.0,0.0,0.0
215,0.0669503192634039,0.002228288811409476,0.3601367029517814,0.06367054643761295,0.10480093676814987,0.4274004683840749,0.29156908665105385,0.10597189695550352,0.04625292740046839,0.021077283372365342,0.002927400468384075,0.0,0.0,0.0,0.27693208430913346,0.6955503512880562,0.027517564402810304,0.0,0.0,0.0
216,0.23574692464317787,0.006081134418384355,0.7298091153256965,0.08630188735579818,0.15789473684210525,0.2631578947368421,0.2280701754385965,0.15789473684210525,0.08771929824561403,0.05263157894736842,0.03508771929824561,0.017543859649122806,0.0,0.0,0.07017543859649122,0.5087719298245614,0.4035087719298245,0.017543859649122806,0.0,0.0
0,0.07140190457201502,0.00030138372471981634,0.3757413047049472,0.0013733154987300572,0.7278231113450908,0.22584890760726506,0.04632798104764412,0.0,0.0,0.0,0.0,0.0,0.0,0.0,0.2940247433535141,0.6854435377730982,0.02053171887338773,0.0,0.0,0.0
1,0.038361302149230114,0.003325879264645118,0.12198077661642304,0.04616668691626741,0.29945305378304465,0.3956244302643573,0.17046490428441202,0.06517775752051047,0.029626253418413857,0.0300820419325433,0.009571558796718322,0.0,0.0,0.0,0.7885141294439381,0.211485870556062,0.0,0.0,0.0,0.0
2,0.06578418883830073,0.008228300930410314,0.29300828043944566,0.10534527826427292,0.08548614372945045,0.2874589008924377,0.20573038985439174,0.16768435885392202,0.099577266322217,0.06716768435885392,0.03147017379051198,0.025833724753405358,0.01972757162987318,0.00986378581493659,0.5448567402536402,0.4551432597463598,0.0,0.0,0.0,0.0
3,0.11509562792620025,0.021630797547790216,0.5775633488236154,0.179364448200068,0.029189189189189182,0.12216216216216215,0.2075675675675676,0.1881081081081081,0.1281081081081081,0.08,0.049189189189189186,0.04972972972972973,0.032972972972972976,0.11297297297297294,0.05459459459459458,0.7551351351351351,0.19027027027027027,0.0,0.0,0.0
4,0.26004152921205775,0.03217212959792398,0.6247744058343272,0.18988721054239757,0.08684738955823293,0.19678714859437751,0.14909638554216867,0.08634538152610442,0.07630522088353414,0.08333333333333333,0.05572289156626506,0.05271084337349398,0.04769076305220884,0.16516064257028112,0.1039156626506024,0.6209839357429718,0.22690763052208834,0.04819277108433735,0.0,0.0
5,0.04653220642552813,0.019522436097298927,0.20839041532872254,0.14413197913663173,0.054563492063492064,0.25148809523809523,0.22569444444444445,0.12053571428571427,0.08779761904761904,0.06001984126984127,0.05257936507936508,0.03521825396825397,0.025297619047619048,0.08680555555555555,0.6378968253968254,0.3621031746031746,0.0,0.0,0.0,0.0
6,0.005799028962717377,0.02458266538736378,0.056223948078338915,0.1754292464745524,0.01801363193768257,0.2181110029211295,0.18987341772151894,0.14410905550146055,0.0988315481986368,0.06621226874391431,0.054527750730282376,0.05306718597857838,0.03261927945472249,0.124634858812074,1.0,0.0,0.0,0.0,0.0,0.0
7,0.03371469244513415,0.016625059894703358,0.5267160289599109,0.15064212213580172,0.018577494692144373,0.2271762208067941,0.2197452229299363,0.1597664543524416,0.10987261146496816,0.0732484076433121,0.050955414012738856,0.03397027600849257,0.032908704883227176,0.0737791932059448,0.00583864118895966,0.9708067940552016,0.02335456475583864,0.0,0.0,0.0
8,0.06616059219856495,0.006357563822005067,0.25958639085556506,0.10714476623549024,0.031486146095717885,0.2791771620486986,0.28211586901763225,0.15869017632241816,0.10579345088161207,0.06213266162888328,0.03694374475230898,0.028127623845507974,0.015533165407220825,0.0,0.5298068849706129,0.47019311502938704,0.0,0.0,0.0,0.0
9,0.3459456767023252,0.025211773291012835,0.7847485716292577,0.1994190258339884,0.02900552486187845,0.14019337016574585,0.14226519337016574,0.16091160220994474,0.11049723756906077,0.10497237569060773,0.07044198895027624,0.06698895027624309,0.04558011049723757,0.12914364640883974,0.028314917127071824,0.5980662983425414,0.2299723756906077,0.13950276243093926,0.004143646408839779,0.0
10,0.08662833983755232,0.025210275265190474,0.3780966002910328,0.16291990008751783,0.07089084065244668,0.2070263488080301,0.20200752823086573,0.11668757841907153,0.08971141781681305,0.07653701380175659,0.05332496863237138,0.04015056461731493,0.037641154328732745,0.10602258469259723,0.3531994981179423,0.6248431618569636,0.021957340025094103,0.0,0.0,0.0
11,0.20982795924776754,0.010476948091271948,0.8896457007901826,0.12056910592750439,0.1240272373540856,0.18385214007782105,0.19844357976653693,0.16439688715953307,0.1211089494163424,0.07636186770428016,0.057879377431906624,0.0316147859922179,0.021400778210116732,0.02091439688715953,0.005836575875486381,0.4017509727626459,0.4912451361867704,0.10116731517509728,0.0,0.0
12,0.05794877304720754,0.00044829228263861676,0.24188498821143262,0.009553957770178763,0.589006555723651,0.3451840645486636,0.05774079677256683,0.008068582955118508,0.0,0.0,0.0,0.0,0.0,0.0,0.6081694402420574,0.3918305597579425,0.0,0.0,0.0,0.0
13,0.03548101437103095,0.00197407120179982,0.1799310402867767,0.048745439180600994,0.20495794599380251,0.4603806994245242,0.2058432934926959,0.07923860115095174,0.04559539619300576,0.00398406374501992,0.0,0.0,0.0,0.0,0.7702523240371846,0.2297476759628154,0.0,0.0,0.0,0.0
14,0.01014175563386116,0.011377925153257994,0.15304328057100058,0.07415994474919355,0.314030131826742,0.3192090395480226,0.12900188323917136,0.064030131826742,0.03531073446327684,0.03860640301318268,0.029661016949152543,0.023069679849340868,0.022128060263653482,0.02495291902071563,0.9077212806026366,0.09227871939736347,0.0,0.0,0.0,0.0
15,0.07215033362788131,0.046607962242731706,0.3788183804797198,0.2589789268464233,0.0017921146953405016,0.0961768219832736,0.16905615292712067,0.13082437275985664,0.10991636798088412,0.08482676224611709,0.07526881720430108,0.05137395459976105,0.04659498207885305,0.23416965352449226,0.2598566308243728,0.7252090800477897,0.014934289127837515,0.0,0.0,0.0
16,0.015551504503033836,0.0017202587708798794,0.19381304881795286,0.0642652014288339,0.0951599671862182,0.40196882690730107,0.32977850697292865,0.11812961443806398,0.044298605414274,0.01066447908121411,0.0,0.0,0.0,0.0,0.7703035274815423,0.22969647251845776,0.0,0.0,0.0,0.0
17,0.4342401396855,0.024458279086278685,0.47673970545209404,0.16751880934208468,0.10090433127082342,0.20704426463588768,0.12375059495478345,0.10804378867206092,0.11375535459305093,0.0851975249881009,0.058067586863398385,0.04997620180866255,0.03998096144693003,0.11327939076630175,0.5007139457401237,0.2298905283198477,0.21561161351737268,0.052831984769157535,0.000951927653498334,0.0
18,0.1161877563300882,0.0024595540526476164,0.35674998972082433,0.028614565127655013,0.5067503924646782,0.27441130298273153,0.11208791208791208,0.06185243328100471,0.03390894819466248,0.01098901098901099,0.0,0.0,0.0,0.0,0.39372056514913656,0.5525902668759811,0.05368916797488226,0.0,0.0,0.0
19,0.09657097568855938,0.000776850436299841,0.2948814419286571,0.030409937614144858,0.2762947143619861,0.5477843032568073,0.14255205552589428,0.03336892685531233,0.0,0.0,0.0,0.0,0.0,0.0,0.5589962626801922,0.4167111585691404,0.02429257875066737,0.0,0.0,0.0
20,0.052608411044909396,0.002272318169842535,0.42585774104575996,0.029322934535592676,0.4343127321850726,0.3623775751435326,0.10300574130361363,0.055386693684566016,0.04390408645727795,0.0010131712259371837,0.0,0.0,0.0,0.0,0.1293481931779804,0.8530901722391084,0.017561634582911174,0.0,0.0,0.0
21,0.08714682545334458,0.047901939619819,0.6731735423829006,0.2798557474141863,0.011088709677419355,0.05645161290322581,0.11693548387096775,0.1350806451612903,0.11995967741935484,0.10181451612903226,0.07661290322580645,0.07358870967741936,0.0594758064516129,0.2489919354838709,0.006048387096774193,0.7096774193548387,0.2842741935483871,0.0,0.0,0.0
22,0.00998152138298469,0.29312837020562876,0.16189259070829637,0.5780131080864939,0.01492537313432836,0.07003444316877153,0.048220436280137766,0.0642939150401837,0.05166475315729047,0.061997703788748575,0.060849598163030996,0.04477611940298507,0.05510907003444317,0.5281285878300803,0.8978185993111366,0.10218140068886336,0.0,0.0,0.0,0.0
23,0.018868306895477433,0.0009740822495049729,0.16367446422895793,0.024919997990718,0.4045005488474204,0.4437431394072448,0.11525795828759605,0.03649835345773875,0.0,0.0,0.0,0.0,0.0,0.0,0.8213501646542262,0.1786498353457739,0.0,0.0,0.0,0.0
24,0.14594673389742419,0.02035112033892201,0.30011306919820363,0.17973907008557435,0.05009633911368015,0.13808606294155426,0.14065510597302505,0.14964675658317278,0.1599229287090559,0.10468850353243417,0.08349389852280026,0.048169556840077066,0.03018625561978163,0.09505459216441876,0.6351958895311497,0.2922286448298009,0.07257546563904946,0.0,0.0,0.0
25,0.06612165539695777,0.0012601631898680398,0.6047815567023653,0.019365205514169828,0.5073014018691588,0.3279789719626168,0.12149532710280375,0.043224299065420566,0.0,0.0,0.0,0.0,0.0,0.0,0.01752336448598131,0.8271028037383178,0.15537383177570094,0.0,0.0,0.0
26,0.08645524962627382,0.006019458778028218,0.4377446834541479,0.07073026417027294,0.23286290322580644,0.3155241935483871,0.1975806451612903,0.1058467741935484,0.05645161290322581,0.04485887096774194,0.025705645161290324,0.018649193548387098,0.002520161290322581,0.0,0.17641129032258066,0.7610887096774194,0.0625,0.0,0.0,0.0
27,0.06838726283663966,0.012679387926963772,0.5263615737772074,0.10251483052918914,0.20930232558139536,0.2371262458471761,0.1686046511627907,0.1212624584717608,0.07308970099667775,0.055647840531561465,0.04817275747508306,0.034468438538205984,0.02200996677740864,0.0303156146179402,0.0436046511627907,0.8708471760797342,0.08554817275747509,0.0,0.0,0.0
28,0.14208652820233567,0.007515699699156902,0.541737244822754,0.06074768557853981,0.3291323315559864,0.3199224430441105,0.13766359670382938,0.07077072224915172,0.04750363548230732,0.032476975278720316,0.027629665535627727,0.02084343189529811,0.014057198254968492,0.0,0.12845370819195345,0.6917111003393117,0.17983519146873486,0.0,0.0,0.0
29,0.07727977096123649,0.006326588364101855,0.38190675492233034,0.07534340730835673,0.20879449596171104,0.30780735865988634,0.2189650014956626,0.10469638049655998,0.05982650314089141,0.04277594974573736,0.032007179180376905,0.02363146874065211,0.0014956625785222854,0.0,0.2760993119952139,0.700269219264134,0.02363146874065211,0.0,0.0,0.0
30,0.01690757770543691,0.005001802628686793,0.18109987035948305,0.05666156907768123,0.29626521191775074,0.3533361309274025,0.1565253881661771,0.0809903483004616,0.045321023919429285,0.03273185060847671,0.025597985732270248,0.009232060428031891,0.0,0.0,0.7994125052454889,0.20058749475451115,0.0,0.0,0.0,0.0
31,0.039434614792283385,0.0009115683304258347,0.3553994210098887,0.025058848797118408,0.3704735376044568,0.483983286908078,0.10584958217270196,0.03969359331476323,0.0,0.0,0.0,0.0,0.0,0.0,0.2402506963788301,0.7597493036211699,0.0,0.0,0.0,0.0
32,0.15992743472728138,0.1253385516945296,0.5560459750550641,0.3533110401535834,0.0272835112692764,0.10438908659549227,0.1542111506524318,0.09727164887307237,0.0711743772241993,0.06761565836298933,0.03914590747330962,0.03677342823250297,0.04744958481613287,0.35468564650059314,0.05812574139976275,0.7390272835112692,0.199288256227758,0.0035587188612099642,0.0,0.0
33,0.07831313624213233,0.0034815635638019322,0.3985089170801102,0.04277567806966377,0.3406040268456376,0.3825503355704698,0.125,0.06963087248322147,0.05201342281879195,0.028523489932885907,0.0016778523489932886,0.0,0.0,0.0,0.2474832214765101,0.7265100671140939,0.02600671140939597,0.0,0.0,0.0
34,0.04069773973076357,0.02223851745747074,0.5516958323403593,0.18898540691788013,0.015706806282722512,0.07853403141361258,0.23036649214659685,0.19895287958115185,0.118673647469459,0.09075043630017453,0.07678883071553229,0.052356020942408384,0.038394415357766144,0.09947643979057592,0.008726003490401396,0.9563699825479928,0.034904013961605584,0.0,0.0,0.0
35,0.11306019397814253,0.0012512972189794023,0.231472281439488,0.03283590884381289,0.2974868497954413,0.4979544126241964,0.13734658094681473,0.049678550555230856,0.017533606078316773,0.0,0.0,0.0,0.0,0.0,0.6317942723553478,0.3448275862068966,0.023378141437755698,0.0,0.0,0.0
36,0.041401934078539926,0.008965661435555862,0.37856268811688415,0.09751082073391201,0.10112359550561796,0.3442288049029622,0.21450459652706844,0.1205311542390194,0.0735444330949949,0.06843718079673136,0.018386108273748723,0.020429009193054137,0.015321756894790603,0.02349336057201226,0.17058222676200205,0.8253319713993871,0.004085801838610828,0.0,0.0,0.0
37,0.14265620860561923,0.04312277972022557,0.8494574386524589,0.2859435177422738,0.0047619047619047615,0.028571428571428567,0.10714285714285714,0.12142857142857146,0.1619047619047619,0.09047619047619047,0.08571428571428573,0.08333333333333333,0.06428571428571428,0.2523809523809524,0.009523809523809523,0.4119047619047619,0.5309523809523811,0.047619047619047616,0.0,0.0
38,0.06506773296004445,0.0014543363059113892,0.4779633144790911,0.02100213499862602,0.4910505836575875,0.3501945525291829,0.0980544747081712,0.04202334630350195,0.01867704280155642,0.0,0.0,0.0,0.0,0.0,0.0926070038910506,0.8443579766536965,0.06303501945525293,0.0,0.0,0.0
39,0.033121177419623976,0.3754682674975759,0.6018645399850451,0.7316764064041658,0.0,0.003508771929824561,0.03859649122807018,0.03859649122807018,0.05263157894736842,0.028070175438596492,0.042105263157894736,0.042105263157894736,0.06315789473684211,0.6912280701754386,0.0,0.912280701754386,0.08771929824561403,0.0,0.0,0.0
40,0.030882062179017813,0.0016063226680290974,0.14669832576990022,0.03328361601309052,0.3492706645056726,0.42706645056726095,0.13371150729335493,0.06807131280388977,0.02188006482982172,0.0,0.0,0.0,0.0,0.0,0.8087520259319287,0.1912479740680713,0.0,0.0,0.0,0.0
41,0.005559331965705763,0.012342897486123447,0.10927348127963754,0.13387296179087055,0.08044901777362021,0.195509822263798,0.1599625818521983,0.21515434985968201,0.12909260991580918,0.0813844714686623,0.04490177736202058,0.023386342376052385,0.0205799812909261,0.04957904583723106,1.0,0.0,0.0,0.0,0.0,0.0
42,0.007620167033136769,0.0004642478492400646,0.09943978045557433,0.0270945480289385,0.32826261008807045,0.5452361889511609,0.10608486789431544,0.020416333066453164,0.0,0.0,0.0,0.0,0.0,0.0,0.9867894315452362,0.013210568454763807,0.0,0.0,0.0,0.0
43,0.003239845380917898,0.002412053901251685,0.0,0.046368963497576784,0.2843315184513007,0.3853599516031458,0.1941923774954628,0.08166969147005444,0.03750756200846945,0.01693889897156685,0.0,0.0,0.0,0.0,1.0,0.0,0.0,0.0,0.0,0.0
44,0.05136612874746136,0.00518457048802421,0.2288248883730824,0.06078298859909122,0.25792811839323465,0.3579985905567301,0.17124735729386892,0.07610993657505286,0.06342494714587738,0.03946441155743481,0.03241719520789288,0.0014094432699083862,0.0,0.0,0.6807610993657506,0.3192389006342495,0.0,0.0,0.0,0.0
45,0.015073192106325529,0.0012831167662525076,0.16178727255035957,0.046480391150622344,0.18628158844765344,0.4924187725631769,0.2324909747292419,0.0628158844765343,0.025992779783393503,0.0,0.0,0.0,0.0,0.0,0.8649819494584837,0.13501805054151625,0.0,0.0,0.0,0.0
46,0.012835796125796396,0.0063234847416051825,0.10193280483233824,0.07663311658540133,0.11604584527220632,0.4770773638968481,0.15759312320916904,0.0830945558739255,0.055873925501432664,0.04297994269340974,0.03510028653295129,0.032234957020057305,0.0,0.0,0.9534383954154728,0.04656160458452722,0.0,0.0,0.0,0.0
47,0.07415298360620849,0.002687575565617705,0.24574020156160054,0.04983023825145991,0.2216867469879518,0.4546184738955824,0.18875502008032127,0.0642570281124498,0.036947791164658635,0.033734939759036145,0.0,0.0,0.0,0.0,0.5831325301204819,0.4168674698795181,0.0,0.0,0.0,0.0
48,0.02924828781981372,0.001000261558167358,0.1336549839694578,0.02162198700937651,0.4472450175849941,0.4161781946072685,0.0955451348182884,0.041031652989449004,0.0,0.0,0.0,0.0,0.0,0.0,0.8317702227432591,0.1682297772567409,0.0,0.0,0.0,0.0
49,0.05013047207952327,0.006584599069748664,0.15552762999592673,0.11082126260801406,0.04071246819338424,0.2631043256997456,0.26615776081424936,0.16539440203562342,0.11043256997455472,0.07226463104325699,0.042239185750636135,0.01984732824427481,0.017302798982188294,0.002544529262086514,0.7480916030534351,0.2519083969465649,0.0,0.0,0.0,0.0
50,0.0967751178790079,0.017772984793451185,0.572281816170052,0.10568722903739691,0.22746331236897274,0.2536687631027253,0.16981132075471694,0.09224318658280922,0.06918238993710693,0.0440251572327044,0.040880503144654086,0.023060796645702302,0.024109014675052408,0.05555555555555555,0.07337526205450734,0.7672955974842768,0.15932914046121593,0.0,0.0,0.0
51,0.07147611333154433,0.002184794718646099,0.32681656772345963,0.034612465307967175,0.3722860791826309,0.3997445721583653,0.11621966794380588,0.06641123882503193,0.04469987228607918,0.0006385696040868455,0.0,0.0,0.0,0.0,0.4074074074074074,0.5772669220945083,0.01532567049808429,0.0,0.0,0.0
52,0.02014410679291705,0.003434994500992937,0.10884977917954541,0.06896589260256017,0.11630218687872765,0.4135188866799205,0.24254473161033802,0.1172962226640159,0.06163021868787276,0.0268389662027833,0.02186878727634195,0.0,0.0,0.0,0.8817097415506958,0.11829025844930414,0.0,0.0,0.0,0.0
53,0.06039958665018891,0.00045632747424676905,0.30864559610082026,0.00024539342802214203,0.7379767827529021,0.20287451630735207,0.057490326147042574,0.001658374792703151,0.0,0.0,0.0,0.0,0.0,0.0,0.3781094527363184,0.6218905472636815,0.0,0.0,0.0,0.0
54,0.0501359700804065,0.009130680851199315,0.6049738550353352,0.1571574442981977,0.015220700152207,0.0882800608828006,0.2267884322678843,0.1993911719939117,0.1735159817351598,0.1141552511415525,0.0867579908675799,0.0471841704718417,0.0136986301369863,0.0350076103500761,0.0076103500761035,0.8691019786910198,0.1232876712328767,0.0,0.0,0.0
55,0.012097736636920145,0.0013977079818647742,0.18605005691906484,0.06878007102548149,0.022796352583586626,0.4635258358662614,0.33206686930091184,0.11854103343465044,0.055471124620060784,0.0075987841945288764,0.0,0.0,0.0,0.0,0.8183890577507599,0.18161094224924013,0.0,0.0,0.0,0.0
56,0.011349458663696646,0.002437209990088176,0.14708757394147848,0.05477543340039574,0.18931101094655506,0.4346426271732131,0.2150676110753381,0.09594333547971667,0.03927881519639408,0.025756600128783,0.0,0.0,0.0,0.0,0.9124275595621378,0.0875724404378622,0.0,0.0,0.0,0.0
57,0.07860288521983035,0.005734003040254835,0.3382561240037952,0.050133137863669686,0.3733426378227495,0.3510118632240056,0.10258199581297976,0.04815073272854152,0.05024424284717376,0.03628750872295883,0.01884159106769016,0.01953942777390091,0.0,0.0,0.3391486392184229,0.6545708304256804,0.00628053035589672,0.0,0.0,0.0
58,0.030403148908426745,0.0025030071931643064,0.15921733435772556,0.06206445680519178,0.1711864406779661,0.3677966101694915,0.2610169491525424,0.13135593220338984,0.044915254237288135,0.02372881355932204,0.0,0.0,0.0,0.0,0.7805084745762711,0.2194915254237288,0.0,0.0,0.0,0.0
59,0.10115769731746001,0.0030635677904158943,0.3584434938544036,0.03978952137226714,0.35488837567359505,0.3956889915319477,0.12240184757505773,0.05773672055427252,0.03310238645111625,0.036181678214010776,0.0,0.0,0.0,0.0,0.35411855273287146,0.6035411855273287,0.04234026173979984,0.0,0.0,0.0
60,0.039765822795288334,0.0002184488871157971,0.2752154736426193,0.0,0.764969450101833,0.19144602851323828,0.04358452138492872,0.0,0.0,0.0,0.0,0.0,0.0,0.0,0.4684317718940937,0.5315682281059063,0.0,0.0,0.0,0.0
61,0.04865538400571557,0.049584553792716486,0.23838012030196803,0.2673023932094696,0.0,0.10588235294117647,0.16339869281045752,0.10326797385620914,0.10588235294117647,0.10326797385620914,0.06143790849673202,0.05098039215686274,0.04444444444444445,0.26143790849673204,0.5686274509803921,0.4313725490196079,0.0,0.0,0.0,0.0
62,0.01805940006509185,0.024145798391539953,0.26444655084608565,0.2008903786328503,0.009316770186335404,0.11387163561076605,0.18840579710144928,0.17805383022774324,0.12215320910973085,0.08385093167701864,0.06521739130434782,0.052795031055900624,0.044513457556935816,0.14182194616977226,0.4627329192546584,0.5372670807453416,0.0,0.0,0.0,0.0
63,0.015242462798100891,0.004884638447022364,0.13567608956753913,0.06936063419657208,0.21148036253776434,0.29229607250755285,0.2280966767371601,0.1404833836858006,0.06419939577039276,0.03851963746223565,0.024924471299093656,0.0,0.0,0.0,0.9146525679758308,0.08534743202416918,0.0,0.0,0.0,0.0
64,0.06737786063374185,0.28396332522947015,0.7189508640495246,0.5030873816512625,0.0,0.07049608355091384,0.06005221932114883,0.06788511749347259,0.12010443864229765,0.09660574412532637,0.06266318537859007,0.05221932114882506,0.07049608355091384,0.39947780678851175,0.0,0.6788511749347258,0.3211488250652741,0.0,0.0,0.0
65,0.09772031487559638,0.008909652059581392,0.37247769298967753,0.05698552897187162,0.4657407407407407,0.2287037037037037,0.08518518518518517,0.05648148148148147,0.05185185185185185,0.042592592592592585,0.024074074074074074,0.023148148148148147,0.019444444444444445,0.0027777777777777783,0.35,0.6064814814814815,0.04351851851851852,0.0,0.0,0.0
66,0.02733772103781888,0.0040270063716380975,0.23560336967705936,0.054714999703030814,0.2803680981595092,0.3638036809815951,0.16932515337423312,0.08282208588957055,0.050920245398773004,0.03006134969325153,0.022699386503067485,0.0,0.0,0.0,0.6398773006134969,0.36012269938650304,0.0,0.0,0.0,0.0
67,0.22451933055607698,0.0066403937492470495,0.6576024936974338,0.08514427935840925,0.17978458989229495,0.2767191383595692,0.2013256006628004,0.14415907207953604,0.08450704225352113,0.05550952775476388,0.037282518641259324,0.01905550952775476,0.0016570008285004142,0.0,0.0911350455675228,0.5716652858326429,0.30571665285832644,0.03148301574150787,0.0,0.0
68,0.0434979528179461,0.006318007416933641,0.30444182923111157,0.06905216188400291,0.2473214285714285,0.30625,0.18571428571428567,0.09732142857142856,0.07321428571428573,0.04464285714285714,0.024107142857142855,0.019642857142857142,0.0017857142857142854,0.0,0.4133928571428571,0.5866071428571429,0.0,0.0,0.0,0.0
69,0.011973012436321899,0.004800606495486703,0.2146951990922854,0.13248065821468083,0.0019361084220716359,0.08422071636011616,0.3010648596321394,0.30493707647628265,0.15004840271055178,0.0755082284607938,0.03484995159728945,0.02420135527589545,0.022265246853823813,0.0009680542110358179,0.6902226524685382,0.3097773475314617,0.0,0.0,0.0,0.0
70,0.04275839020212176,0.0012866473782696586,0.31014936239781027,0.026155664672570356,0.40234375,0.4303385416666667,0.1015625,0.055989583333333336,0.009765625,0.0,0.0,0.0,0.0,0.0,0.3697916666666667,0.6302083333333334,0.0,0.0,0.0,0.0
71,0.0913769981539759,0.039675398370386125,0.7393382534775048,0.27708956958097664,0.013445378151260505,0.05882352941176471,0.10756302521008404,0.13109243697478992,0.11428571428571427,0.0957983193277311,0.08907563025210084,0.05378151260504202,0.057142857142857134,0.2789915966386555,0.006722689075630253,0.5798319327731093,0.4134453781512605,0.0,0.0,0.0
72,0.03293514606913655,0.0013778227075537568,0.24624403544625378,0.016897038140188607,0.581465778316172,0.2755905511811024,0.08298001211387038,0.05027256208358572,0.009691096305269532,0.0,0.0,0.0,0.0,0.0,0.5602665051483949,0.43973349485160507,0.0,0.0,0.0,0.0
73,0.0771938351388802,1.0,0.5512746437568139,1.0,0.00373134328358209,0.00373134328358209,0.0,0.033582089552238806,0.05223880597014925,0.07462686567164177,0.05970149253731344,0.033582089552238806,0.048507462686567165,0.6902985074626866,0.037313432835820885,0.8358208955223879,0.12686567164179105,0.0,0.0,0.0
74,0.01817640780073929,0.003143266463655587,0.1647753047202105,0.05667183845810356,0.1867043847241867,0.42857142857142855,0.21994342291372,0.08062234794908063,0.04384724186704385,0.027581329561527583,0.01272984441301273,0.0,0.0,0.0,0.8316831683168316,0.16831683168316833,0.0,0.0,0.0,0.0
75,0.01055144342181345,0.01786266560969314,0.22396047186153734,0.1773909962678295,0.0,0.13121546961325967,0.2430939226519337,0.13535911602209946,0.13121546961325967,0.12154696132596685,0.07596685082872927,0.04972375690607735,0.02900552486187845,0.08287292817679558,0.6795580110497238,0.32044198895027626,0.0,0.0,0.0,0.0
76,0.05177276409420765,0.007945856895220831,0.3058933933688525,0.12060001110421106,0.02387267904509284,0.2294429708222812,0.2718832891246684,0.1836870026525199,0.11206896551724138,0.06830238726790451,0.04907161803713528,0.028514588859416445,0.02055702917771884,0.012599469496021221,0.38660477453580894,0.6133952254641911,0.0,0.0,0.0,0.0
77,0.18737705294900678,0.007943238616393013,0.5018568814073527,0.09538973488277427,0.16026241799437674,0.2286785379568885,0.2399250234301781,0.1471415182755389,0.07872539831302718,0.06373008434864105,0.04029990627928772,0.0224929709465792,0.016869728209934397,0.0018744142455482664,0.22211808809746955,0.5979381443298969,0.17432052483598875,0.0056232427366448,0.0,0.0
78,0.07932746271479708,0.017294963138327443,0.4827067687963576,0.17671369800847786,0.04043126684636118,0.09838274932614556,0.1819407008086253,0.202156334231806,0.13881401617250674,0.09299191374663072,0.07816711590296496,0.03234501347708895,0.04043126684636118,0.09433962264150944,0.08490566037735849,0.8463611859838275,0.06873315363881402,0.0,0.0,0.0
79,0.01614653380866243,0.004336663433951472,0.19826636943042192,0.11333978044598206,0.02121771217712177,0.2103321033210332,0.2592250922509225,0.2269372693726937,0.1669741697416974,0.07011070110701106,0.027675276752767528,0.017527675276752766,0.0,0.0,0.7592250922509225,0.2407749077490775,0.0,0.0,0.0,0.0
80,0.3489801392655432,0.04490237905092847,0.497796669609109,0.2732270861741998,0.007444168734491316,0.05955334987593053,0.1240694789081886,0.15260545905707196,0.11910669975186106,0.08933002481389578,0.07692307692307693,0.0620347394540943,0.05831265508684864,0.2506203473945409,0.3995037220843672,0.3200992555831266,0.25806451612903225,0.02109181141439206,0.0012406947890818859,0.0
81,0.05985682770271097,0.011764977852803175,0.35975371171964693,0.1365282450428211,0.08061420345489444,0.17562380038387715,0.20249520153550865,0.16122840690978887,0.13051823416506714,0.08445297504798464,0.0671785028790787,0.04222648752399232,0.02015355086372361,0.03550863723608445,0.28790786948176583,0.7063339731285988,0.005758157389635317,0.0,0.0,0.0
82,0.008695943412102175,0.0046169035837237485,0.12374706129569968,0.07462532096611617,0.07592407592407592,0.4695304695304695,0.23476523476523475,0.07592407592407592,0.06293706293706294,0.03596403596403597,0.023976023976023976,0.02097902097902098,0.0,0.0,0.9690309690309692,0.030969030969030968,0.0,0.0,0.0,0.0
83,0.018551640134500395,0.004409758958672068,0.1765276858335424,0.03554456212175619,0.4768934531450578,0.2817715019255456,0.0840821566110398,0.059050064184852376,0.054557124518613616,0.034017971758664965,0.009627727856225931,0.0,0.0,0.0,0.7984595635430038,0.20154043645699607,0.0,0.0,0.0,0.0
84,0.0452593496884665,0.0013674431785797782,0.30624351954830004,0.023726156177896786,0.4538209095171121,0.3909985935302391,0.0923581809657759,0.04547585560243788,0.017346460384435068,0.0,0.0,0.0,0.0,0.0,0.3881856540084388,0.6118143459915611,0.0,0.0,0.0,0.0
